Cause of Death,Sex,Year,Deaths
Certain infectious and parasitic diseases,Total,2000,1658
Neoplasms,Total,2000,36567
Diseases of the blood and blood-forming organs,Total,2000,406
"Endocrine, nutritional and metabolic diseases",Total,2000,4178
Mental and behavioural disorders,Total,2000,3077
Diseases of the nervous system,Total,2000,4065
Diseases of the respiratory system,Total,2000,10988
Diseases of the circulatory system,Total,2000,49833
Diseases of the digestive system,Total,2000,4145
Diseases of the skin and subcutaneous tissue,Total,2000,244
Diseases of the musculoskeletal system and connective tissue,Total,2000,856
Diseases of the genitourinary system,Total,2000,2671
Certain conditions originating in the perinatal period,Total,2000,647
"Congenital malformations, deformations and chromosomal abnormalities",Total,2000,622
"Symptoms, signs, ill-defined causes",Total,2000,641
External causes of mortality,Total,2000,8173
Certain infectious and parasitic diseases,Total,2001,1699
Neoplasms,Total,2001,37459
Diseases of the blood and blood-forming organs,Total,2001,410
"Endocrine, nutritional and metabolic diseases",Total,2001,4333
Mental and behavioural disorders,Total,2001,2696
Diseases of the nervous system,Total,2001,4233
Diseases of the respiratory system,Total,2001,10622
Diseases of the circulatory system,Total,2001,49534
Diseases of the digestive system,Total,2001,4053
Diseases of the skin and subcutaneous tissue,Total,2001,269
Diseases of the musculoskeletal system and connective tissue,Total,2001,897
Diseases of the genitourinary system,Total,2001,2846
Certain conditions originating in the perinatal period,Total,2001,657
"Congenital malformations, deformations and chromosomal abnormalities",Total,2001,601
"Symptoms, signs, ill-defined causes",Total,2001,528
External causes of mortality,Total,2001,7808
Certain infectious and parasitic diseases,Total,2002,1776
Neoplasms,Total,2002,38269
Diseases of the blood and blood-forming organs,Total,2002,437
"Endocrine, nutritional and metabolic diseases",Total,2002,4621
Mental and behavioural disorders,Total,2002,3157
Diseases of the nervous system,Total,2002,4597
Diseases of the respiratory system,Total,2002,11640
Diseases of the circulatory system,Total,2002,49977
Diseases of the digestive system,Total,2002,4485
Diseases of the skin and subcutaneous tissue,Total,2002,336
Diseases of the musculoskeletal system and connective tissue,Total,2002,1013
Diseases of the genitourinary system,Total,2002,2977
Certain conditions originating in the perinatal period,Total,2002,654
"Congenital malformations, deformations and chromosomal abnormalities",Total,2002,578
"Symptoms, signs, ill-defined causes",Total,2002,731
External causes of mortality,Total,2002,7786
Certain infectious and parasitic diseases,Total,2003,1742
Neoplasms,Total,2003,38266
Diseases of the blood and blood-forming organs,Total,2003,444
"Endocrine, nutritional and metabolic diseases",Total,2003,4772
Mental and behavioural disorders,Total,2003,3238
Diseases of the nervous system,Total,2003,4334
Diseases of the respiratory system,Total,2003,11828
Diseases of the circulatory system,Total,2003,48603
Diseases of the digestive system,Total,2003,4494
Diseases of the skin and subcutaneous tissue,Total,2003,307
Diseases of the musculoskeletal system and connective tissue,Total,2003,1010
Diseases of the genitourinary system,Total,2003,2980
Certain conditions originating in the perinatal period,Total,2003,603
"Congenital malformations, deformations and chromosomal abnormalities",Total,2003,596
"Symptoms, signs, ill-defined causes",Total,2003,886
External causes of mortality,Total,2003,7673
Certain infectious and parasitic diseases,Total,2004,1801
Neoplasms,Total,2004,38883
Diseases of the blood and blood-forming organs,Total,2004,484
"Endocrine, nutritional and metabolic diseases",Total,2004,5035
Mental and behavioural disorders,Total,2004,3406
Diseases of the nervous system,Total,2004,4562
Diseases of the respiratory system,Total,2004,11633
Diseases of the circulatory system,Total,2004,47545
Diseases of the digestive system,Total,2004,4525
Diseases of the skin and subcutaneous tissue,Total,2004,333
Diseases of the musculoskeletal system and connective tissue,Total,2004,1028
Diseases of the genitourinary system,Total,2004,2974
Certain conditions originating in the perinatal period,Total,2004,578
"Congenital malformations, deformations and chromosomal abnormalities",Total,2004,585
"Symptoms, signs, ill-defined causes",Total,2004,960
External causes of mortality,Total,2004,7970
Certain infectious and parasitic diseases,Total,2005,0
Neoplasms,Total,2005,0
Diseases of the blood and blood-forming organs,Total,2005,0
"Endocrine, nutritional and metabolic diseases",Total,2005,0
Mental and behavioural disorders,Total,2005,0
Diseases of the nervous system,Total,2005,0
Diseases of the respiratory system,Total,2005,0
Diseases of the circulatory system,Total,2005,0
Diseases of the digestive system,Total,2005,0
Diseases of the skin and subcutaneous tissue,Total,2005,0
Diseases of the musculoskeletal system and connective tissue,Total,2005,0
Diseases of the genitourinary system,Total,2005,0
Certain conditions originating in the perinatal period,Total,2005,0
"Congenital malformations, deformations and chromosomal abnormalities",Total,2005,0
"Symptoms, signs, ill-defined causes",Total,2005,0
External causes of mortality,Total,2005,0
Certain infectious and parasitic diseases,Total,2006,1969
Neoplasms,Total,2006,39770
Diseases of the blood and blood-forming organs,Total,2006,495
"Endocrine, nutritional and metabolic diseases",Total,2006,5158
Mental and behavioural disorders,Total,2006,5134
Diseases of the nervous system,Total,2006,4941
Diseases of the respiratory system,Total,2006,10877
Diseases of the circulatory system,Total,2006,45914
Diseases of the digestive system,Total,2006,4534
Diseases of the skin and subcutaneous tissue,Total,2006,333
Diseases of the musculoskeletal system and connective tissue,Total,2006,1081
Diseases of the genitourinary system,Total,2006,3299
Certain conditions originating in the perinatal period,Total,2006,653
"Congenital malformations, deformations and chromosomal abnormalities",Total,2006,553
"Symptoms, signs, ill-defined causes",Total,2006,915
External causes of mortality,Total,2006,8102
Certain infectious and parasitic diseases,Total,2007,1857
Neoplasms,Total,2007,40331
Diseases of the blood and blood-forming organs,Total,2007,483
"Endocrine, nutritional and metabolic diseases",Total,2007,5380
Mental and behavioural disorders,Total,2007,5691
Diseases of the nervous system,Total,2007,5491
Diseases of the respiratory system,Total,2007,11623
Diseases of the circulatory system,Total,2007,46958
Diseases of the digestive system,Total,2007,4804
Diseases of the skin and subcutaneous tissue,Total,2007,364
Diseases of the musculoskeletal system and connective tissue,Total,2007,1105
Diseases of the genitourinary system,Total,2007,3331
Certain conditions originating in the perinatal period,Total,2007,587
"Congenital malformations, deformations and chromosomal abnormalities",Total,2007,595
"Symptoms, signs, ill-defined causes",Total,2007,1016
External causes of mortality,Total,2007,8232
Certain infectious and parasitic diseases,Total,2008,1969
Neoplasms,Total,2008,42423
Diseases of the blood and blood-forming organs,Total,2008,504
"Endocrine, nutritional and metabolic diseases",Total,2008,5887
Mental and behavioural disorders,Total,2008,6377
Diseases of the nervous system,Total,2008,5996
Diseases of the respiratory system,Total,2008,11275
Diseases of the circulatory system,Total,2008,48673
Diseases of the digestive system,Total,2008,4970
Diseases of the skin and subcutaneous tissue,Total,2008,399
Diseases of the musculoskeletal system and connective tissue,Total,2008,1171
Diseases of the genitourinary system,Total,2008,3333
Certain conditions originating in the perinatal period,Total,2008,596
"Congenital malformations, deformations and chromosomal abnormalities",Total,2008,614
"Symptoms, signs, ill-defined causes",Total,2008,853
External causes of mortality,Total,2008,8900
Certain infectious and parasitic diseases,Total,2009,1826
Neoplasms,Total,2009,41965
Diseases of the blood and blood-forming organs,Total,2009,429
"Endocrine, nutritional and metabolic diseases",Total,2009,5883
Mental and behavioural disorders,Total,2009,6518
Diseases of the nervous system,Total,2009,5919
Diseases of the respiratory system,Total,2009,11045
Diseases of the circulatory system,Total,2009,46183
Diseases of the digestive system,Total,2009,5014
Diseases of the skin and subcutaneous tissue,Total,2009,386
Diseases of the musculoskeletal system and connective tissue,Total,2009,1078
Diseases of the genitourinary system,Total,2009,3409
Certain conditions originating in the perinatal period,Total,2009,654
"Congenital malformations, deformations and chromosomal abnormalities",Total,2009,638
"Symptoms, signs, ill-defined causes",Total,2009,733
External causes of mortality,Total,2009,9071
Certain infectious and parasitic diseases,Total,2010,2150
Neoplasms,Total,2010,43316
Diseases of the blood and blood-forming organs,Total,2010,404
"Endocrine, nutritional and metabolic diseases",Total,2010,5710
Mental and behavioural disorders,Total,2010,7030
Diseases of the nervous system,Total,2010,6220
Diseases of the respiratory system,Total,2010,11961
Diseases of the circulatory system,Total,2010,45520
Diseases of the digestive system,Total,2010,5120
Diseases of the skin and subcutaneous tissue,Total,2010,398
Diseases of the musculoskeletal system and connective tissue,Total,2010,1179
Diseases of the genitourinary system,Total,2010,3400
Certain conditions originating in the perinatal period,Total,2010,615
"Congenital malformations, deformations and chromosomal abnormalities",Total,2010,610
"Symptoms, signs, ill-defined causes",Total,2010,847
External causes of mortality,Total,2010,8981
Certain infectious and parasitic diseases,Total,2011,2400
Neoplasms,Total,2011,43737
Diseases of the blood and blood-forming organs,Total,2011,463
"Endocrine, nutritional and metabolic diseases",Total,2011,6080
Mental and behavioural disorders,Total,2011,7641
Diseases of the nervous system,Total,2011,6762
Diseases of the respiratory system,Total,2011,12518
Diseases of the circulatory system,Total,2011,45637
Diseases of the digestive system,Total,2011,5210
Diseases of the skin and subcutaneous tissue,Total,2011,443
Diseases of the musculoskeletal system and connective tissue,Total,2011,1172
Diseases of the genitourinary system,Total,2011,3476
Certain conditions originating in the perinatal period,Total,2011,612
"Congenital malformations, deformations and chromosomal abnormalities",Total,2011,550
"Symptoms, signs, ill-defined causes",Total,2011,1009
External causes of mortality,Total,2011,9209
Certain infectious and parasitic diseases,Total,2012,2394
Neoplasms,Total,2012,43511
Diseases of the blood and blood-forming organs,Total,2012,434
"Endocrine, nutritional and metabolic diseases",Total,2012,6050
Mental and behavioural disorders,Total,2012,8113
Diseases of the nervous system,Total,2012,6915
Diseases of the respiratory system,Total,2012,13260
Diseases of the circulatory system,Total,2012,44038
Diseases of the digestive system,Total,2012,5255
Diseases of the skin and subcutaneous tissue,Total,2012,398
Diseases of the musculoskeletal system and connective tissue,Total,2012,1160
Diseases of the genitourinary system,Total,2012,3817
Certain conditions originating in the perinatal period,Total,2012,512
"Congenital malformations, deformations and chromosomal abnormalities",Total,2012,550
"Symptoms, signs, ill-defined causes",Total,2012,1337
External causes of mortality,Total,2012,9338
Certain infectious and parasitic diseases,Total,2013,2682
Neoplasms,Total,2013,44676
Diseases of the blood and blood-forming organs,Total,2013,502
"Endocrine, nutritional and metabolic diseases",Total,2013,6108
Mental and behavioural disorders,Total,2013,8191
Diseases of the nervous system,Total,2013,7541
Diseases of the respiratory system,Total,2013,12475
Diseases of the circulatory system,Total,2013,43615
Diseases of the digestive system,Total,2013,5422
Diseases of the skin and subcutaneous tissue,Total,2013,435
Diseases of the musculoskeletal system and connective tissue,Total,2013,1185
Diseases of the genitourinary system,Total,2013,3108
Certain conditions originating in the perinatal period,Total,2013,559
"Congenital malformations, deformations and chromosomal abnormalities",Total,2013,622
"Symptoms, signs, ill-defined causes",Total,2013,1380
External causes of mortality,Total,2013,9171
Certain infectious and parasitic diseases,Total,2014,2735
Neoplasms,Total,2014,44741
Diseases of the blood and blood-forming organs,Total,2014,535
"Endocrine, nutritional and metabolic diseases",Total,2014,6219
Mental and behavioural disorders,Total,2014,9006
Diseases of the nervous system,Total,2014,8152
Diseases of the respiratory system,Total,2014,13795
Diseases of the circulatory system,Total,2014,45069
Diseases of the digestive system,Total,2014,5488
Diseases of the skin and subcutaneous tissue,Total,2014,480
Diseases of the musculoskeletal system and connective tissue,Total,2014,1237
Diseases of the genitourinary system,Total,2014,3242
Certain conditions originating in the perinatal period,Total,2014,546
"Congenital malformations, deformations and chromosomal abnormalities",Total,2014,620
"Symptoms, signs, ill-defined causes",Total,2014,1546
External causes of mortality,Total,2014,10157
Certain infectious and parasitic diseases,Total,2015,2857
Neoplasms,Total,2015,46595
Diseases of the blood and blood-forming organs,Total,2015,525
"Endocrine, nutritional and metabolic diseases",Total,2015,6689
Mental and behavioural disorders,Total,2015,9605
Diseases of the nervous system,Total,2015,8519
Diseases of the respiratory system,Total,2015,14377
Diseases of the circulatory system,Total,2015,45642
Diseases of the digestive system,Total,2015,5724
Diseases of the skin and subcutaneous tissue,Total,2015,534
Diseases of the musculoskeletal system and connective tissue,Total,2015,1318
Diseases of the genitourinary system,Total,2015,3554
Certain conditions originating in the perinatal period,Total,2015,549
"Congenital malformations, deformations and chromosomal abnormalities",Total,2015,589
"Symptoms, signs, ill-defined causes",Total,2015,1305
External causes of mortality,Total,2015,10662
Certain infectious and parasitic diseases,Total,2016,2832
Neoplasms,Total,2016,46331
Diseases of the blood and blood-forming organs,Total,2016,491
"Endocrine, nutritional and metabolic diseases",Total,2016,6770
Mental and behavioural disorders,Total,2016,9940
Diseases of the nervous system,Total,2016,8832
Diseases of the respiratory system,Total,2016,14829
Diseases of the circulatory system,Total,2016,44186
Diseases of the digestive system,Total,2016,5784
Diseases of the skin and subcutaneous tissue,Total,2016,534
Diseases of the musculoskeletal system and connective tissue,Total,2016,1413
Diseases of the genitourinary system,Total,2016,3475
Certain conditions originating in the perinatal period,Total,2016,553
"Congenital malformations, deformations and chromosomal abnormalities",Total,2016,594
"Symptoms, signs, ill-defined causes",Total,2016,1258
External causes of mortality,Total,2016,10670
Certain infectious and parasitic diseases,Total,2017,2650
Neoplasms,Total,2017,46436
Diseases of the blood and blood-forming organs,Total,2017,538
"Endocrine, nutritional and metabolic diseases",Total,2017,6856
Mental and behavioural disorders,Total,2017,10164
Diseases of the nervous system,Total,2017,9251
Diseases of the respiratory system,Total,2017,16262
Diseases of the circulatory system,Total,2017,43705
Diseases of the digestive system,Total,2017,5956
Diseases of the skin and subcutaneous tissue,Total,2017,551
Diseases of the musculoskeletal system and connective tissue,Total,2017,1441
Diseases of the genitourinary system,Total,2017,3713
Certain conditions originating in the perinatal period,Total,2017,582
"Congenital malformations, deformations and chromosomal abnormalities",Total,2017,642
"Symptoms, signs, ill-defined causes",Total,2017,1396
External causes of mortality,Total,2017,10934
Certain infectious and parasitic diseases,Total,2018,2404
Neoplasms,Total,2018,47945
Diseases of the blood and blood-forming organs,Total,2018,493
"Endocrine, nutritional and metabolic diseases",Total,2018,6654
Mental and behavioural disorders,Total,2018,10276
Diseases of the nervous system,Total,2018,9400
Diseases of the respiratory system,Total,2018,14300
Diseases of the circulatory system,Total,2018,42077
Diseases of the digestive system,Total,2018,5969
Diseases of the skin and subcutaneous tissue,Total,2018,591
Diseases of the musculoskeletal system and connective tissue,Total,2018,1381
Diseases of the genitourinary system,Total,2018,3383
Certain conditions originating in the perinatal period,Total,2018,540
"Congenital malformations, deformations and chromosomal abnormalities",Total,2018,653
"Symptoms, signs, ill-defined causes",Total,2018,1511
External causes of mortality,Total,2018,11067
Certain infectious and parasitic diseases,Total,2019,2587
Neoplasms,Total,2019,49981
Diseases of the blood and blood-forming organs,Total,2019,561
"Endocrine, nutritional and metabolic diseases",Total,2019,7138
Mental and behavioural disorders,Total,2019,11052
Diseases of the nervous system,Total,2019,10148
Diseases of the respiratory system,Total,2019,16320
Diseases of the circulatory system,Total,2019,43483
Diseases of the digestive system,Total,2019,6432
Diseases of the skin and subcutaneous tissue,Total,2019,628
Diseases of the musculoskeletal system and connective tissue,Total,2019,1432
Diseases of the genitourinary system,Total,2019,4038
Certain conditions originating in the perinatal period,Total,2019,537
"Congenital malformations, deformations and chromosomal abnormalities",Total,2019,702
"Symptoms, signs, ill-defined causes",Total,2019,2013
External causes of mortality,Total,2019,11898
Certain infectious and parasitic diseases,Total,2020,2304
Neoplasms,Total,2020,48967
Diseases of the blood and blood-forming organs,Total,2020,533
"Endocrine, nutritional and metabolic diseases",Total,2020,7360
Mental and behavioural disorders,Total,2020,10508
Diseases of the nervous system,Total,2020,10122
Diseases of the respiratory system,Total,2020,12522
Diseases of the circulatory system,Total,2020,40626
Diseases of the digestive system,Total,2020,6531
Diseases of the skin and subcutaneous tissue,Total,2020,622
Diseases of the musculoskeletal system and connective tissue,Total,2020,1339
Diseases of the genitourinary system,Total,2020,4011
Certain conditions originating in the perinatal period,Total,2020,507
"Congenital malformations, deformations and chromosomal abnormalities",Total,2020,660
"Symptoms, signs, ill-defined causes",Total,2020,2254
External causes of mortality,Total,2020,11528
COVID-19,Total,2020,900
Certain infectious and parasitic diseases,Total,2021,2579
Neoplasms,Total,2021,50688
Diseases of the blood and blood-forming organs,Total,2021,539
"Endocrine, nutritional and metabolic diseases",Total,2021,7868
Mental and behavioural disorders,Total,2021,11262
Diseases of the nervous system,Total,2021,11214
Diseases of the respiratory system,Total,2021,13627
Diseases of the circulatory system,Total,2021,42856
Diseases of the digestive system,Total,2021,7122
Diseases of the skin and subcutaneous tissue,Total,2021,670
Diseases of the musculoskeletal system and connective tissue,Total,2021,1598
Diseases of the genitourinary system,Total,2021,4390
Certain conditions originating in the perinatal period,Total,2021,541
"Congenital malformations, deformations and chromosomal abnormalities",Total,2021,685
"Symptoms, signs, ill-defined causes",Total,2021,2854
External causes of mortality,Total,2021,11828
COVID-19,Total,2022,1122
Certain infectious and parasitic diseases,Total,2022,2917
Neoplasms,Total,2022,51919
Diseases of the blood and blood-forming organs,Total,2022,561
"Endocrine, nutritional and metabolic diseases",Total,2022,8580
Mental and behavioural disorders,Total,2022,12228
Diseases of the nervous system,Total,2022,11941
Diseases of the respiratory system,Total,2022,15203
Diseases of the circulatory system,Total,2022,45005
Diseases of the digestive system,Total,2022,7672
Diseases of the skin and subcutaneous tissue,Total,2022,795
Diseases of the musculoskeletal system and connective tissue,Total,2022,1756
Diseases of the genitourinary system,Total,2022,4726
Certain conditions originating in the perinatal period,Total,2022,515
"Congenital malformations, deformations and chromosomal abnormalities",Total,2022,688
"Symptoms, signs, ill-defined causes",Total,2022,4030
External causes of mortality,Total,2022,12537
COVID-19,Total,2022,9859
Certain infectious and parasitic diseases,Female,2000,787
Neoplasms,Female,2000,15902
Diseases of the blood and blood-forming organs,Female,2000,218
"Endocrine, nutritional and metabolic diseases",Female,2000,2031
Diabetes mellitus,Female,2000,1418
Mental and behavioural disorders,Female,2000,1726
Diseases of the nervous system,Female,2000,2214
Diseases of the respiratory system,Female,2000,5001
Diseases of the circulatory system,Female,2000,26055
Diseases of the digestive system,Female,2000,2083
Diseases of the skin and subcutaneous tissue,Female,2000,150
Diseases of the musculoskeletal system and connective tissue,Female,2000,578
Diseases of the genitourinary system,Female,2000,1495
"Pregnancy, childbirth and the puerperium",Female,2000,13
Certain conditions originating in the perinatal period,Female,2000,291
"Congenital malformations, deformations and chromosomal abnormalities",Female,2000,291
"Symptoms, signs, ill-defined causes",Female,2000,304
External causes of mortality,Female,2000,2587
Certain infectious and parasitic diseases,Female,2001,801
Neoplasms,Female,2001,16407
Diseases of the blood and blood-forming organs,Female,2001,226
"Endocrine, nutritional and metabolic diseases",Female,2001,2107
Diabetes mellitus,Female,2001,1444
Mental and behavioural disorders,Female,2001,1622
Diseases of the nervous system,Female,2001,2327
Diseases of the respiratory system,Female,2001,4922
Diseases of the circulatory system,Female,2001,25816
Diseases of the digestive system,Female,2001,2025
Diseases of the skin and subcutaneous tissue,Female,2001,163
Diseases of the musculoskeletal system and connective tissue,Female,2001,610
Diseases of the genitourinary system,Female,2001,1587
"Pregnancy, childbirth and the puerperium",Female,2001,12
Certain conditions originating in the perinatal period,Female,2001,264
"Congenital malformations, deformations and chromosomal abnormalities",Female,2001,270
"Symptoms, signs, ill-defined causes",Female,2001,261
External causes of mortality,Female,2001,2422
Certain infectious and parasitic diseases,Female,2002,834
Neoplasms,Female,2002,16829
Diseases of the blood and blood-forming organs,Female,2002,253
"Endocrine, nutritional and metabolic diseases",Female,2002,2241
Diabetes mellitus,Female,2002,1531
Mental and behavioural disorders,Female,2002,1914
Diseases of the nervous system,Female,2002,2456
Diseases of the respiratory system,Female,2002,5463
Diseases of the circulatory system,Female,2002,26102
Diseases of the digestive system,Female,2002,2260
Diseases of the skin and subcutaneous tissue,Female,2002,215
Diseases of the musculoskeletal system and connective tissue,Female,2002,665
Diseases of the genitourinary system,Female,2002,1654
"Pregnancy, childbirth and the puerperium",Female,2002,13
Certain conditions originating in the perinatal period,Female,2002,301
"Congenital malformations, deformations and chromosomal abnormalities",Female,2002,276
"Symptoms, signs, ill-defined causes",Female,2002,363
External causes of mortality,Female,2002,2530
Certain infectious and parasitic diseases,Female,2003,821
Neoplasms,Female,2003,16870
Diseases of the blood and blood-forming organs,Female,2003,255
"Endocrine, nutritional and metabolic diseases",Female,2003,2289
Diabetes mellitus,Female,2003,1598
Mental and behavioural disorders,Female,2003,2007
Diseases of the nervous system,Female,2003,2428
Diseases of the respiratory system,Female,2003,5665
Diseases of the circulatory system,Female,2003,25320
Diseases of the digestive system,Female,2003,2206
Diseases of the skin and subcutaneous tissue,Female,2003,195
Diseases of the musculoskeletal system and connective tissue,Female,2003,698
Diseases of the genitourinary system,Female,2003,1649
"Pregnancy, childbirth and the puerperium",Female,2003,8
Certain conditions originating in the perinatal period,Female,2003,264
"Congenital malformations, deformations and chromosomal abnormalities",Female,2003,271
"Symptoms, signs, ill-defined causes",Female,2003,403
External causes of mortality,Female,2003,2495
Certain infectious and parasitic diseases,Female,2004,835
Neoplasms,Female,2004,17032
Diseases of the blood and blood-forming organs,Female,2004,265
"Endocrine, nutritional and metabolic diseases",Female,2004,2507
Diabetes mellitus,Female,2004,1715
Mental and behavioural disorders,Female,2004,2179
Diseases of the nervous system,Female,2004,2527
Diseases of the respiratory system,Female,2004,5610
Diseases of the circulatory system,Female,2004,24692
Diseases of the digestive system,Female,2004,2232
Diseases of the skin and subcutaneous tissue,Female,2004,207
Diseases of the musculoskeletal system and connective tissue,Female,2004,693
Diseases of the genitourinary system,Female,2004,1626
"Pregnancy, childbirth and the puerperium",Female,2004,12
Certain conditions originating in the perinatal period,Female,2004,251
"Congenital malformations, deformations and chromosomal abnormalities",Female,2004,285
"Symptoms, signs, ill-defined causes",Female,2004,418
External causes of mortality,Female,2004,2675
Certain infectious and parasitic diseases,Female,2005,0
Neoplasms,Female,2005,0
Diseases of the blood and blood-forming organs,Female,2005,0
"Endocrine, nutritional and metabolic diseases",Female,2005,0
Diabetes mellitus,Female,2005,0
Mental and behavioural disorders,Female,2005,0
Diseases of the nervous system,Female,2005,0
Diseases of the respiratory system,Female,2005,0
Diseases of the circulatory system,Female,2005,0
Diseases of the digestive system,Female,2005,0
Diseases of the skin and subcutaneous tissue,Female,2005,0
Diseases of the musculoskeletal system and connective tissue,Female,2005,0
Diseases of the genitourinary system,Female,2005,0
"Pregnancy, childbirth and the puerperium",Female,2005,0
Certain conditions originating in the perinatal period,Female,2005,0
"Congenital malformations, deformations and chromosomal abnormalities",Female,2005,0
"Symptoms, signs, ill-defined causes",Female,2005,0
External causes of mortality,Female,2005,0
Certain infectious and parasitic diseases,Female,2006,926
Neoplasms,Female,2006,17382
Diseases of the blood and blood-forming organs,Female,2006,267
"Endocrine, nutritional and metabolic diseases",Female,2006,2627
Diabetes mellitus,Female,2006,1839
Mental and behavioural disorders,Female,2006,3294
Diseases of the nervous system,Female,2006,2733
Diseases of the respiratory system,Female,2006,5160
Diseases of the circulatory system,Female,2006,24194
Diseases of the digestive system,Female,2006,2210
Diseases of the skin and subcutaneous tissue,Female,2006,194
Diseases of the musculoskeletal system and connective tissue,Female,2006,753
Diseases of the genitourinary system,Female,2006,1766
"Pregnancy, childbirth and the puerperium",Female,2006,11
Certain conditions originating in the perinatal period,Female,2006,292
"Congenital malformations, deformations and chromosomal abnormalities",Female,2006,241
"Symptoms, signs, ill-defined causes",Female,2006,444
External causes of mortality,Female,2006,2689
Certain infectious and parasitic diseases,Female,2007,885
Neoplasms,Female,2007,17533
Diseases of the blood and blood-forming organs,Female,2007,281
"Endocrine, nutritional and metabolic diseases",Female,2007,2736
Diabetes mellitus,Female,2007,1890
Mental and behavioural disorders,Female,2007,3601
Diseases of the nervous system,Female,2007,2969
Diseases of the respiratory system,Female,2007,5552
Diseases of the circulatory system,Female,2007,24678
Diseases of the digestive system,Female,2007,2373
Diseases of the skin and subcutaneous tissue,Female,2007,216
Diseases of the musculoskeletal system and connective tissue,Female,2007,759
Diseases of the genitourinary system,Female,2007,1826
"Pregnancy, childbirth and the puerperium",Female,2007,6
Certain conditions originating in the perinatal period,Female,2007,256
"Congenital malformations, deformations and chromosomal abnormalities",Female,2007,289
"Symptoms, signs, ill-defined causes",Female,2007,495
External causes of mortality,Female,2007,2830
Certain infectious and parasitic diseases,Female,2008,954
Neoplasms,Female,2008,18510
Diseases of the blood and blood-forming organs,Female,2008,259
"Endocrine, nutritional and metabolic diseases",Female,2008,2984
Diabetes mellitus,Female,2008,2046
Mental and behavioural disorders,Female,2008,4022
Diseases of the nervous system,Female,2008,3248
Diseases of the respiratory system,Female,2008,5350
Diseases of the circulatory system,Female,2008,25774
Diseases of the digestive system,Female,2008,2528
Diseases of the skin and subcutaneous tissue,Female,2008,218
Diseases of the musculoskeletal system and connective tissue,Female,2008,770
Diseases of the genitourinary system,Female,2008,1786
"Pregnancy, childbirth and the puerperium",Female,2008,6
Certain conditions originating in the perinatal period,Female,2008,256
"Congenital malformations, deformations and chromosomal abnormalities",Female,2008,277
"Symptoms, signs, ill-defined causes",Female,2008,448
External causes of mortality,Female,2008,3008
Certain infectious and parasitic diseases,Female,2009,852
Neoplasms,Female,2009,18272
Diseases of the blood and blood-forming organs,Female,2009,233
"Endocrine, nutritional and metabolic diseases",Female,2009,2995
Diabetes mellitus,Female,2009,2055
Mental and behavioural disorders,Female,2009,4122
Diseases of the nervous system,Female,2009,3147
Diseases of the respiratory system,Female,2009,5214
Diseases of the circulatory system,Female,2009,24190
Diseases of the digestive system,Female,2009,2516
Diseases of the skin and subcutaneous tissue,Female,2009,253
Diseases of the musculoskeletal system and connective tissue,Female,2009,765
Diseases of the genitourinary system,Female,2009,1835
"Pregnancy, childbirth and the puerperium",Female,2009,9
Certain conditions originating in the perinatal period,Female,2009,285
"Congenital malformations, deformations and chromosomal abnormalities",Female,2009,282
"Symptoms, signs, ill-defined causes",Female,2009,404
External causes of mortality,Female,2009,3066
Certain infectious and parasitic diseases,Female,2010,1025
Neoplasms,Female,2010,18756
Diseases of the blood and blood-forming organs,Female,2010,208
"Endocrine, nutritional and metabolic diseases",Female,2010,2906
Diabetes mellitus,Female,2010,1956
Mental and behavioural disorders,Female,2010,4524
Diseases of the nervous system,Female,2010,3429
Diseases of the respiratory system,Female,2010,5735
Diseases of the circulatory system,Female,2010,23887
Diseases of the digestive system,Female,2010,2584
Diseases of the skin and subcutaneous tissue,Female,2010,252
Diseases of the musculoskeletal system and connective tissue,Female,2010,800
Diseases of the genitourinary system,Female,2010,1848
"Pregnancy, childbirth and the puerperium",Female,2010,12
Certain conditions originating in the perinatal period,Female,2010,246
"Congenital malformations, deformations and chromosomal abnormalities",Female,2010,298
"Symptoms, signs, ill-defined causes",Female,2010,426
External causes of mortality,Female,2010,3053
Certain infectious and parasitic diseases,Female,2011,1158
Neoplasms,Female,2011,18987
Diseases of the blood and blood-forming organs,Female,2011,235
"Endocrine, nutritional and metabolic diseases",Female,2011,3085
Diabetes mellitus,Female,2011,2033
Mental and behavioural disorders,Female,2011,4867
Diseases of the nervous system,Female,2011,3708
Diseases of the respiratory system,Female,2011,5965
Diseases of the circulatory system,Female,2011,23758
Diseases of the digestive system,Female,2011,2616
Diseases of the skin and subcutaneous tissue,Female,2011,253
Diseases of the musculoskeletal system and connective tissue,Female,2011,792
Diseases of the genitourinary system,Female,2011,1817
"Pregnancy, childbirth and the puerperium",Female,2011,13
Certain conditions originating in the perinatal period,Female,2011,264
"Congenital malformations, deformations and chromosomal abnormalities",Female,2011,256
"Symptoms, signs, ill-defined causes",Female,2011,517
External causes of mortality,Female,2011,3311
Certain infectious and parasitic diseases,Female,2012,1172
Neoplasms,Female,2012,18945
Diseases of the blood and blood-forming organs,Female,2012,233
"Endocrine, nutritional and metabolic diseases",Female,2012,3048
Diabetes mellitus,Female,2012,2041
Mental and behavioural disorders,Female,2012,5198
Diseases of the nervous system,Female,2012,3873
Diseases of the respiratory system,Female,2012,6438
Diseases of the circulatory system,Female,2012,23024
Diseases of the digestive system,Female,2012,2668
Diseases of the skin and subcutaneous tissue,Female,2012,250
Diseases of the musculoskeletal system and connective tissue,Female,2012,782
Diseases of the genitourinary system,Female,2012,2081
"Pregnancy, childbirth and the puerperium",Female,2012,16
Certain conditions originating in the perinatal period,Female,2012,231
"Congenital malformations, deformations and chromosomal abnormalities",Female,2012,269
"Symptoms, signs, ill-defined causes",Female,2012,676
External causes of mortality,Female,2012,3400
Certain infectious and parasitic diseases,Female,2013,1359
Neoplasms,Female,2013,19437
Diseases of the blood and blood-forming organs,Female,2013,283
"Endocrine, nutritional and metabolic diseases",Female,2013,3012
Diabetes mellitus,Female,2013,2032
Mental and behavioural disorders,Female,2013,5243
Diseases of the nervous system,Female,2013,4152
Diseases of the respiratory system,Female,2013,5917
Diseases of the circulatory system,Female,2013,22499
Diseases of the digestive system,Female,2013,2656
Diseases of the skin and subcutaneous tissue,Female,2013,246
Diseases of the musculoskeletal system and connective tissue,Female,2013,808
Diseases of the genitourinary system,Female,2013,1704
"Pregnancy, childbirth and the puerperium",Female,2013,6
Certain conditions originating in the perinatal period,Female,2013,264
"Congenital malformations, deformations and chromosomal abnormalities",Female,2013,301
"Symptoms, signs, ill-defined causes",Female,2013,702
External causes of mortality,Female,2013,3307
Certain infectious and parasitic diseases,Female,2014,1323
Neoplasms,Female,2014,19743
Diseases of the blood and blood-forming organs,Female,2014,286
"Endocrine, nutritional and metabolic diseases",Female,2014,3103
Diabetes mellitus,Female,2014,2138
Mental and behavioural disorders,Female,2014,5735
Diseases of the nervous system,Female,2014,4337
Diseases of the respiratory system,Female,2014,6614
Diseases of the circulatory system,Female,2014,23416
Diseases of the digestive system,Female,2014,2673
Diseases of the skin and subcutaneous tissue,Female,2014,278
Diseases of the musculoskeletal system and connective tissue,Female,2014,816
Diseases of the genitourinary system,Female,2014,1815
"Pregnancy, childbirth and the puerperium",Female,2014,12
Certain conditions originating in the perinatal period,Female,2014,258
"Congenital malformations, deformations and chromosomal abnormalities",Female,2014,304
"Symptoms, signs, ill-defined causes",Female,2014,811
External causes of mortality,Female,2014,3715
Certain infectious and parasitic diseases,Female,2015,1397
Neoplasms,Female,2015,20452
Diseases of the blood and blood-forming organs,Female,2015,288
"Endocrine, nutritional and metabolic diseases",Female,2015,3280
Diabetes mellitus,Female,2015,2206
Mental and behavioural disorders,Female,2015,6001
Diseases of the nervous system,Female,2015,4583
Diseases of the respiratory system,Female,2015,7120
Diseases of the circulatory system,Female,2015,23538
Diseases of the digestive system,Female,2015,2866
Diseases of the skin and subcutaneous tissue,Female,2015,335
Diseases of the musculoskeletal system and connective tissue,Female,2015,859
Diseases of the genitourinary system,Female,2015,1923
"Pregnancy, childbirth and the puerperium",Female,2015,8
Certain conditions originating in the perinatal period,Female,2015,252
"Congenital malformations, deformations and chromosomal abnormalities",Female,2015,271
"Symptoms, signs, ill-defined causes",Female,2015,666
External causes of mortality,Female,2015,3883
Certain infectious and parasitic diseases,Female,2016,1386
Neoplasms,Female,2016,20168
Diseases of the blood and blood-forming organs,Female,2016,257
"Endocrine, nutritional and metabolic diseases",Female,2016,3241
Diabetes mellitus,Female,2016,2197
Mental and behavioural disorders,Female,2016,6142
Diseases of the nervous system,Female,2016,4689
Diseases of the respiratory system,Female,2016,7345
Diseases of the circulatory system,Female,2016,22326
Diseases of the digestive system,Female,2016,2872
Diseases of the skin and subcutaneous tissue,Female,2016,303
Diseases of the musculoskeletal system and connective tissue,Female,2016,921
Diseases of the genitourinary system,Female,2016,1899
"Pregnancy, childbirth and the puerperium",Female,2016,12
Certain conditions originating in the perinatal period,Female,2016,237
"Congenital malformations, deformations and chromosomal abnormalities",Female,2016,262
"Symptoms, signs, ill-defined causes",Female,2016,718
External causes of mortality,Female,2016,3859
Certain infectious and parasitic diseases,Female,2017,1316
Neoplasms,Female,2017,20252
Diseases of the blood and blood-forming organs,Female,2017,272
"Endocrine, nutritional and metabolic diseases",Female,2017,3342
Diabetes mellitus,Female,2017,2265
Mental and behavioural disorders,Female,2017,6354
Diseases of the nervous system,Female,2017,4960
Diseases of the respiratory system,Female,2017,8036
Diseases of the circulatory system,Female,2017,22151
Diseases of the digestive system,Female,2017,2917
Diseases of the skin and subcutaneous tissue,Female,2017,304
Diseases of the musculoskeletal system and connective tissue,Female,2017,931
Diseases of the genitourinary system,Female,2017,2002
"Pregnancy, childbirth and the puerperium",Female,2017,6
Certain conditions originating in the perinatal period,Female,2017,243
"Congenital malformations, deformations and chromosomal abnormalities",Female,2017,306
"Symptoms, signs, ill-defined causes",Female,2017,740
External causes of mortality,Female,2017,3977
Certain infectious and parasitic diseases,Female,2018,1206
Neoplasms,Female,2018,20939
Diseases of the blood and blood-forming organs,Female,2018,269
"Endocrine, nutritional and metabolic diseases",Female,2018,3138
Diabetes mellitus,Female,2018,2146
Mental and behavioural disorders,Female,2018,6473
Diseases of the nervous system,Female,2018,5001
Diseases of the respiratory system,Female,2018,6933
Diseases of the circulatory system,Female,2018,20999
Diseases of the digestive system,Female,2018,2914
Diseases of the skin and subcutaneous tissue,Female,2018,330
Diseases of the musculoskeletal system and connective tissue,Female,2018,870
Diseases of the genitourinary system,Female,2018,1817
"Pregnancy, childbirth and the puerperium",Female,2018,16
Certain conditions originating in the perinatal period,Female,2018,235
"Congenital malformations, deformations and chromosomal abnormalities",Female,2018,287
"Symptoms, signs, ill-defined causes",Female,2018,844
External causes of mortality,Female,2018,3948
Certain infectious and parasitic diseases,Female,2019,1377
Neoplasms,Female,2019,21790
Diseases of the blood and blood-forming organs,Female,2019,315
"Endocrine, nutritional and metabolic diseases",Female,2019,3347
Diabetes mellitus,Female,2019,2240
Mental and behavioural disorders,Female,2019,6865
Diseases of the nervous system,Female,2019,5253
Diseases of the respiratory system,Female,2019,8149
Diseases of the circulatory system,Female,2019,21479
Diseases of the digestive system,Female,2019,3121
Diseases of the skin and subcutaneous tissue,Female,2019,365
Diseases of the musculoskeletal system and connective tissue,Female,2019,887
Diseases of the genitourinary system,Female,2019,2101
"Pregnancy, childbirth and the puerperium",Female,2019,12
Certain conditions originating in the perinatal period,Female,2019,225
"Congenital malformations, deformations and chromosomal abnormalities",Female,2019,315
"Symptoms, signs, ill-defined causes",Female,2019,1064
External causes of mortality,Female,2019,4186
Certain infectious and parasitic diseases,Female,2020,1137
Neoplasms,Female,2020,21445
Diseases of the blood and blood-forming organs,Female,2020,272
"Endocrine, nutritional and metabolic diseases",Female,2020,3423
Diabetes mellitus,Female,2020,2314
Mental and behavioural disorders,Female,2020,6580
Diseases of the nervous system,Female,2020,5289
Diseases of the respiratory system,Female,2020,5894
Diseases of the circulatory system,Female,2020,19991
Diseases of the digestive system,Female,2020,3249
Diseases of the skin and subcutaneous tissue,Female,2020,371
Diseases of the musculoskeletal system and connective tissue,Female,2020,820
Diseases of the genitourinary system,Female,2020,2117
"Pregnancy, childbirth and the puerperium",Female,2020,6
Certain conditions originating in the perinatal period,Female,2020,230
"Congenital malformations, deformations and chromosomal abnormalities",Female,2020,293
"Symptoms, signs, ill-defined causes",Female,2020,1127
External causes of mortality,Female,2020,4007
COVID-19,Female,2020,461
Certain infectious and parasitic diseases,Female,2021,1315
Neoplasms,Female,2021,22258
Diseases of the blood and blood-forming organs,Female,2021,286
"Endocrine, nutritional and metabolic diseases",Female,2021,3734
Diabetes mellitus,Female,2021,2450
Mental and behavioural disorders,Female,2021,7016
Diseases of the nervous system,Female,2021,5966
Diseases of the respiratory system,Female,2021,6555
Diseases of the circulatory system,Female,2021,21036
Diseases of the digestive system,Female,2021,3443
Diseases of the skin and subcutaneous tissue,Female,2021,381
Diseases of the musculoskeletal system and connective tissue,Female,2021,999
Diseases of the genitourinary system,Female,2021,2353
"Pregnancy, childbirth and the puerperium",Female,2021,11
Certain conditions originating in the perinatal period,Female,2021,209
"Congenital malformations, deformations and chromosomal abnormalities",Female,2021,328
"Symptoms, signs, ill-defined causes",Female,2021,1419
External causes of mortality,Female,2021,4288
COVID-19,Female,2021,462
Certain infectious and parasitic diseases,Female,2022,1471
Neoplasms,Female,2022,22754
Diseases of the blood and blood-forming organs,Female,2022,289
"Endocrine, nutritional and metabolic diseases",Female,2022,4119
Diabetes mellitus,Female,2022,2803
Mental and behavioural disorders,Female,2022,7558
Diseases of the nervous system,Female,2022,6314
Diseases of the respiratory system,Female,2022,7195
Diseases of the circulatory system,Female,2022,21893
Diseases of the digestive system,Female,2022,3819
Diseases of the skin and subcutaneous tissue,Female,2022,457
Diseases of the musculoskeletal system and connective tissue,Female,2022,1062
Diseases of the genitourinary system,Female,2022,2527
"Pregnancy, childbirth and the puerperium",Female,2022,6
Certain conditions originating in the perinatal period,Female,2022,256
"Congenital malformations, deformations and chromosomal abnormalities",Female,2022,314
"Symptoms, signs, ill-defined causes",Female,2022,2008
External causes of mortality,Female,2022,4597
COVID-19,Female,2022,4375
Certain infectious and parasitic diseases,Male,2000,871
Neoplasms,Male,2000,20665
Diseases of the blood and blood-forming organs,Male,2000,188
"Endocrine, nutritional and metabolic diseases",Male,2000,2147
Mental and behavioural disorders,Male,2000,1351
Diseases of the nervous system,Male,2000,1851
Diseases of the respiratory system,Male,2000,5987
Diseases of the circulatory system,Male,2000,23778
Diseases of the digestive system,Male,2000,2062
Diseases of the skin and subcutaneous tissue,Male,2000,94
Diseases of the musculoskeletal system and connective tissue,Male,2000,278
Diseases of the genitourinary system,Male,2000,1176
Certain conditions originating in the perinatal period,Male,2000,356
"Congenital malformations, deformations and chromosomal abnormalities",Male,2000,331
"Symptoms, signs, ill-defined causes",Male,2000,337
External causes of mortality,Male,2000,5586
Certain infectious and parasitic diseases,Male,2001,898
Neoplasms,Male,2001,21052
Diseases of the blood and blood-forming organs,Male,2001,184
"Endocrine, nutritional and metabolic diseases",Male,2001,2226
Mental and behavioural disorders,Male,2001,1074
Diseases of the nervous system,Male,2001,1906
Diseases of the respiratory system,Male,2001,5700
Diseases of the circulatory system,Male,2001,23718
Diseases of the digestive system,Male,2001,2028
Diseases of the skin and subcutaneous tissue,Male,2001,106
Diseases of the musculoskeletal system and connective tissue,Male,2001,287
Diseases of the genitourinary system,Male,2001,1259
Certain conditions originating in the perinatal period,Male,2001,393
"Congenital malformations, deformations and chromosomal abnormalities",Male,2001,331
"Symptoms, signs, ill-defined causes",Male,2001,267
External causes of mortality,Male,2001,5386
Certain infectious and parasitic diseases,Male,2002,942
Neoplasms,Male,2002,21440
Diseases of the blood and blood-forming organs,Male,2002,184
"Endocrine, nutritional and metabolic diseases",Male,2002,2380
Mental and behavioural disorders,Male,2002,1243
Diseases of the nervous system,Male,2002,2141
Diseases of the respiratory system,Male,2002,6177
Diseases of the circulatory system,Male,2002,23875
Diseases of the digestive system,Male,2002,2225
Diseases of the skin and subcutaneous tissue,Male,2002,121
Diseases of the musculoskeletal system and connective tissue,Male,2002,348
Diseases of the genitourinary system,Male,2002,1323
Certain conditions originating in the perinatal period,Male,2002,353
"Congenital malformations, deformations and chromosomal abnormalities",Male,2002,302
"Symptoms, signs, ill-defined causes",Male,2002,368
External causes of mortality,Male,2002,5256
Certain infectious and parasitic diseases,Male,2003,921
Neoplasms,Male,2003,21396
Diseases of the blood and blood-forming organs,Male,2003,189
"Endocrine, nutritional and metabolic diseases",Male,2003,2483
Mental and behavioural disorders,Male,2003,1231
Diseases of the nervous system,Male,2003,1906
Diseases of the respiratory system,Male,2003,6163
Diseases of the circulatory system,Male,2003,23283
Diseases of the digestive system,Male,2003,2288
Diseases of the skin and subcutaneous tissue,Male,2003,112
Diseases of the musculoskeletal system and connective tissue,Male,2003,312
Diseases of the genitourinary system,Male,2003,1331
Certain conditions originating in the perinatal period,Male,2003,339
"Congenital malformations, deformations and chromosomal abnormalities",Male,2003,325
"Symptoms, signs, ill-defined causes",Male,2003,483
External causes of mortality,Male,2003,5178
Certain infectious and parasitic diseases,Male,2004,966
Neoplasms,Male,2004,21851
Diseases of the blood and blood-forming organs,Male,2004,219
"Endocrine, nutritional and metabolic diseases",Male,2004,2528
Mental and behavioural disorders,Male,2004,1227
Diseases of the nervous system,Male,2004,2035
Diseases of the respiratory system,Male,2004,6023
Diseases of the circulatory system,Male,2004,22853
Diseases of the digestive system,Male,2004,2293
Diseases of the skin and subcutaneous tissue,Male,2004,126
Diseases of the musculoskeletal system and connective tissue,Male,2004,335
Diseases of the genitourinary system,Male,2004,1348
Certain conditions originating in the perinatal period,Male,2004,327
"Congenital malformations, deformations and chromosomal abnormalities",Male,2004,300
"Symptoms, signs, ill-defined causes",Male,2004,542
External causes of mortality,Male,2004,5295
Certain infectious and parasitic diseases,Male,2005,0
Neoplasms,Male,2005,0
Diseases of the blood and blood-forming organs,Male,2005,0
"Endocrine, nutritional and metabolic diseases",Male,2005,0
Mental and behavioural disorders,Male,2005,0
Diseases of the nervous system,Male,2005,0
Diseases of the respiratory system,Male,2005,0
Diseases of the circulatory system,Male,2005,0
Diseases of the digestive system,Male,2005,0
Diseases of the skin and subcutaneous tissue,Male,2005,0
Diseases of the musculoskeletal system and connective tissue,Male,2005,0
Diseases of the genitourinary system,Male,2005,0
Certain conditions originating in the perinatal period,Male,2005,0
"Congenital malformations, deformations and chromosomal abnormalities",Male,2005,0
"Symptoms, signs, ill-defined causes",Male,2005,0
External causes of mortality,Male,2005,0
Certain infectious and parasitic diseases,Male,2006,1043
Neoplasms,Male,2006,22388
Diseases of the blood and blood-forming organs,Male,2006,228
"Endocrine, nutritional and metabolic diseases",Male,2006,2531
Mental and behavioural disorders,Male,2006,1840
Diseases of the nervous system,Male,2006,2208
Diseases of the respiratory system,Male,2006,5717
Diseases of the circulatory system,Male,2006,21720
Diseases of the digestive system,Male,2006,2324
Diseases of the skin and subcutaneous tissue,Male,2006,139
Diseases of the musculoskeletal system and connective tissue,Male,2006,328
Diseases of the genitourinary system,Male,2006,1533
Certain conditions originating in the perinatal period,Male,2006,361
"Congenital malformations, deformations and chromosomal abnormalities",Male,2006,312
"Symptoms, signs, ill-defined causes",Male,2006,471
External causes of mortality,Male,2006,5413
Certain infectious and parasitic diseases,Male,2007,972
Neoplasms,Male,2007,22798
Diseases of the blood and blood-forming organs,Male,2007,202
"Endocrine, nutritional and metabolic diseases",Male,2007,2644
Mental and behavioural disorders,Male,2007,2090
Diseases of the nervous system,Male,2007,2522
Diseases of the respiratory system,Male,2007,6071
Diseases of the circulatory system,Male,2007,22280
Diseases of the digestive system,Male,2007,2431
Diseases of the skin and subcutaneous tissue,Male,2007,148
Diseases of the musculoskeletal system and connective tissue,Male,2007,346
Diseases of the genitourinary system,Male,2007,1505
Certain conditions originating in the perinatal period,Male,2007,331
"Congenital malformations, deformations and chromosomal abnormalities",Male,2007,306
"Symptoms, signs, ill-defined causes",Male,2007,521
External causes of mortality,Male,2007,5402
Certain infectious and parasitic diseases,Male,2008,1015
Neoplasms,Male,2008,23913
Diseases of the blood and blood-forming organs,Male,2008,245
"Endocrine, nutritional and metabolic diseases",Male,2008,2903
Mental and behavioural disorders,Male,2008,2355
Diseases of the nervous system,Male,2008,2748
Diseases of the respiratory system,Male,2008,5925
Diseases of the circulatory system,Male,2008,22899
Diseases of the digestive system,Male,2008,2442
Diseases of the skin and subcutaneous tissue,Male,2008,181
Diseases of the musculoskeletal system and connective tissue,Male,2008,401
Diseases of the genitourinary system,Male,2008,1547
Certain conditions originating in the perinatal period,Male,2008,340
"Congenital malformations, deformations and chromosomal abnormalities",Male,2008,337
"Symptoms, signs, ill-defined causes",Male,2008,405
External causes of mortality,Male,2008,5892
Certain infectious and parasitic diseases,Male,2009,974
Neoplasms,Male,2009,23693
Diseases of the blood and blood-forming organs,Male,2009,196
"Endocrine, nutritional and metabolic diseases",Male,2009,2888
Mental and behavioural disorders,Male,2009,2396
Diseases of the nervous system,Male,2009,2772
Diseases of the respiratory system,Male,2009,5831
Diseases of the circulatory system,Male,2009,21993
Diseases of the digestive system,Male,2009,2498
Diseases of the skin and subcutaneous tissue,Male,2009,133
Diseases of the musculoskeletal system and connective tissue,Male,2009,313
Diseases of the genitourinary system,Male,2009,1574
Certain conditions originating in the perinatal period,Male,2009,369
"Congenital malformations, deformations and chromosomal abnormalities",Male,2009,356
"Symptoms, signs, ill-defined causes",Male,2009,329
External causes of mortality,Male,2009,6005
Certain infectious and parasitic diseases,Male,2010,1125
Neoplasms,Male,2010,24560
Diseases of the blood and blood-forming organs,Male,2010,196
"Endocrine, nutritional and metabolic diseases",Male,2010,2804
Mental and behavioural disorders,Male,2010,2506
Diseases of the nervous system,Male,2010,2791
Diseases of the respiratory system,Male,2010,6226
Diseases of the circulatory system,Male,2010,21633
Diseases of the digestive system,Male,2010,2536
Diseases of the skin and subcutaneous tissue,Male,2010,146
Diseases of the musculoskeletal system and connective tissue,Male,2010,379
Diseases of the genitourinary system,Male,2010,1552
Certain conditions originating in the perinatal period,Male,2010,369
"Congenital malformations, deformations and chromosomal abnormalities",Male,2010,312
"Symptoms, signs, ill-defined causes",Male,2010,421
External causes of mortality,Male,2010,5928
Certain infectious and parasitic diseases,Male,2011,1242
Neoplasms,Male,2011,24750
Diseases of the blood and blood-forming organs,Male,2011,228
"Endocrine, nutritional and metabolic diseases",Male,2011,2995
Mental and behavioural disorders,Male,2011,2774
Diseases of the nervous system,Male,2011,3054
Diseases of the respiratory system,Male,2011,6553
Diseases of the circulatory system,Male,2011,21879
Diseases of the digestive system,Male,2011,2594
Diseases of the skin and subcutaneous tissue,Male,2011,190
Diseases of the musculoskeletal system and connective tissue,Male,2011,380
Diseases of the genitourinary system,Male,2011,1659
Certain conditions originating in the perinatal period,Male,2011,348
"Congenital malformations, deformations and chromosomal abnormalities",Male,2011,294
"Symptoms, signs, ill-defined causes",Male,2011,492
External causes of mortality,Male,2011,5898
Certain infectious and parasitic diseases,Male,2012,1222
Neoplasms,Male,2012,24566
Diseases of the blood and blood-forming organs,Male,2012,201
"Endocrine, nutritional and metabolic diseases",Male,2012,3002
Mental and behavioural disorders,Male,2012,2915
Diseases of the nervous system,Male,2012,3042
Diseases of the respiratory system,Male,2012,6822
Diseases of the circulatory system,Male,2012,21014
Diseases of the digestive system,Male,2012,2587
Diseases of the skin and subcutaneous tissue,Male,2012,148
Diseases of the musculoskeletal system and connective tissue,Male,2012,378
Diseases of the genitourinary system,Male,2012,1736
Certain conditions originating in the perinatal period,Male,2012,281
"Congenital malformations, deformations and chromosomal abnormalities",Male,2012,281
"Symptoms, signs, ill-defined causes",Male,2012,661
External causes of mortality,Male,2012,5938
Certain infectious and parasitic diseases,Male,2013,1323
Neoplasms,Male,2013,25239
Diseases of the blood and blood-forming organs,Male,2013,219
"Endocrine, nutritional and metabolic diseases",Male,2013,3096
Mental and behavioural disorders,Male,2013,2948
Diseases of the nervous system,Male,2013,3389
Diseases of the respiratory system,Male,2013,6558
Diseases of the circulatory system,Male,2013,21116
Diseases of the digestive system,Male,2013,2766
Diseases of the skin and subcutaneous tissue,Male,2013,189
Diseases of the musculoskeletal system and connective tissue,Male,2013,377
Diseases of the genitourinary system,Male,2013,1404
Certain conditions originating in the perinatal period,Male,2013,295
"Congenital malformations, deformations and chromosomal abnormalities",Male,2013,321
"Symptoms, signs, ill-defined causes",Male,2013,678
External causes of mortality,Male,2013,5864
Certain infectious and parasitic diseases,Male,2014,1412
Neoplasms,Male,2014,24998
Diseases of the blood and blood-forming organs,Male,2014,249
"Endocrine, nutritional and metabolic diseases",Male,2014,3116
Mental and behavioural disorders,Male,2014,3271
Diseases of the nervous system,Male,2014,3815
Diseases of the respiratory system,Male,2014,7181
Diseases of the circulatory system,Male,2014,21653
Diseases of the digestive system,Male,2014,2815
Diseases of the skin and subcutaneous tissue,Male,2014,202
Diseases of the musculoskeletal system and connective tissue,Male,2014,421
Diseases of the genitourinary system,Male,2014,1427
Certain conditions originating in the perinatal period,Male,2014,288
"Congenital malformations, deformations and chromosomal abnormalities",Male,2014,316
"Symptoms, signs, ill-defined causes",Male,2014,735
External causes of mortality,Male,2014,6442
Certain infectious and parasitic diseases,Male,2015,1460
Neoplasms,Male,2015,26143
Diseases of the blood and blood-forming organs,Male,2015,237
"Endocrine, nutritional and metabolic diseases",Male,2015,3409
Mental and behavioural disorders,Male,2015,3604
Diseases of the nervous system,Male,2015,3936
Diseases of the respiratory system,Male,2015,7257
Diseases of the circulatory system,Male,2015,22104
Diseases of the digestive system,Male,2015,2858
Diseases of the skin and subcutaneous tissue,Male,2015,199
Diseases of the musculoskeletal system and connective tissue,Male,2015,459
Diseases of the genitourinary system,Male,2015,1631
Certain conditions originating in the perinatal period,Male,2015,297
"Congenital malformations, deformations and chromosomal abnormalities",Male,2015,318
"Symptoms, signs, ill-defined causes",Male,2015,639
External causes of mortality,Male,2015,6779
Certain infectious and parasitic diseases,Male,2016,1446
Neoplasms,Male,2016,26163
Diseases of the blood and blood-forming organs,Male,2016,234
"Endocrine, nutritional and metabolic diseases",Male,2016,3529
Mental and behavioural disorders,Male,2016,3798
Diseases of the nervous system,Male,2016,4143
Diseases of the respiratory system,Male,2016,7484
Diseases of the circulatory system,Male,2016,21860
Diseases of the digestive system,Male,2016,2912
Diseases of the skin and subcutaneous tissue,Male,2016,231
Diseases of the musculoskeletal system and connective tissue,Male,2016,492
Diseases of the genitourinary system,Male,2016,1576
Certain conditions originating in the perinatal period,Male,2016,316
"Congenital malformations, deformations and chromosomal abnormalities",Male,2016,332
"Symptoms, signs, ill-defined causes",Male,2016,540
External causes of mortality,Male,2016,6811
Certain infectious and parasitic diseases,Male,2017,1334
Neoplasms,Male,2017,26184
Diseases of the blood and blood-forming organs,Male,2017,266
"Endocrine, nutritional and metabolic diseases",Male,2017,3514
Mental and behavioural disorders,Male,2017,3810
Diseases of the nervous system,Male,2017,4291
Diseases of the respiratory system,Male,2017,8226
Diseases of the circulatory system,Male,2017,21554
Diseases of the digestive system,Male,2017,3039
Diseases of the skin and subcutaneous tissue,Male,2017,247
Diseases of the musculoskeletal system and connective tissue,Male,2017,510
Diseases of the genitourinary system,Male,2017,1711
Certain conditions originating in the perinatal period,Male,2017,339
"Congenital malformations, deformations and chromosomal abnormalities",Male,2017,336
"Symptoms, signs, ill-defined causes",Male,2017,656
External causes of mortality,Male,2017,6957
Certain infectious and parasitic diseases,Male,2018,1198
Neoplasms,Male,2018,27006
Diseases of the blood and blood-forming organs,Male,2018,224
"Endocrine, nutritional and metabolic diseases",Male,2018,3516
Mental and behavioural disorders,Male,2018,3803
Diseases of the nervous system,Male,2018,4399
Diseases of the respiratory system,Male,2018,7367
Diseases of the circulatory system,Male,2018,21078
Diseases of the digestive system,Male,2018,3055
Diseases of the skin and subcutaneous tissue,Male,2018,261
Diseases of the musculoskeletal system and connective tissue,Male,2018,511
Diseases of the genitourinary system,Male,2018,1566
Certain conditions originating in the perinatal period,Male,2018,305
"Congenital malformations, deformations and chromosomal abnormalities",Male,2018,366
"Symptoms, signs, ill-defined causes",Male,2018,667
External causes of mortality,Male,2018,7119
Certain infectious and parasitic diseases,Male,2019,1210
Neoplasms,Male,2019,28191
Diseases of the blood and blood-forming organs,Male,2019,246
"Endocrine, nutritional and metabolic diseases",Male,2019,3791
Mental and behavioural disorders,Male,2019,4187
Diseases of the nervous system,Male,2019,4895
Diseases of the respiratory system,Male,2019,8171
Diseases of the circulatory system,Male,2019,22004
Diseases of the digestive system,Male,2019,3311
Diseases of the skin and subcutaneous tissue,Male,2019,263
Diseases of the musculoskeletal system and connective tissue,Male,2019,545
Diseases of the genitourinary system,Male,2019,1937
Certain conditions originating in the perinatal period,Male,2019,312
"Congenital malformations, deformations and chromosomal abnormalities",Male,2019,387
"Symptoms, signs, ill-defined causes",Male,2019,949
External causes of mortality,Male,2019,7712
Certain infectious and parasitic diseases,Male,2020,1167
Neoplasms,Male,2020,27522
Diseases of the blood and blood-forming organs,Male,2020,261
"Endocrine, nutritional and metabolic diseases",Male,2020,3937
Mental and behavioural disorders,Male,2020,3928
Diseases of the nervous system,Male,2020,4833
Diseases of the respiratory system,Male,2020,6628
Diseases of the circulatory system,Male,2020,20635
Diseases of the digestive system,Male,2020,3282
Diseases of the skin and subcutaneous tissue,Male,2020,251
Diseases of the musculoskeletal system and connective tissue,Male,2020,519
Diseases of the genitourinary system,Male,2020,1894
Certain conditions originating in the perinatal period,Male,2020,277
"Congenital malformations, deformations and chromosomal abnormalities",Male,2020,367
"Symptoms, signs, ill-defined causes",Male,2020,1127
External causes of mortality,Male,2020,7521
COVID-19,Male,2020,439
Certain infectious and parasitic diseases,Male,2021,1264
Neoplasms,Male,2021,28430
Diseases of the blood and blood-forming organs,Male,2021,253
"Endocrine, nutritional and metabolic diseases",Male,2021,4134
Mental and behavioural disorders,Male,2021,4246
Diseases of the nervous system,Male,2021,5248
Diseases of the respiratory system,Male,2021,7072
Diseases of the circulatory system,Male,2021,21820
Diseases of the digestive system,Male,2021,3679
Diseases of the skin and subcutaneous tissue,Male,2021,289
Diseases of the musculoskeletal system and connective tissue,Male,2021,599
Diseases of the genitourinary system,Male,2021,2037
Certain conditions originating in the perinatal period,Male,2021,332
"Congenital malformations, deformations and chromosomal abnormalities",Male,2021,357
"Symptoms, signs, ill-defined causes",Male,2021,1435
External causes of mortality,Male,2021,7540
COVID-19,Male,2022,660
Certain infectious and parasitic diseases,Male,2022,1446
Neoplasms,Male,2022,29165
Diseases of the blood and blood-forming organs,Male,2022,272
"Endocrine, nutritional and metabolic diseases",Male,2022,4461
Mental and behavioural disorders,Male,2022,4670
Diseases of the nervous system,Male,2022,5627
Diseases of the respiratory system,Male,2022,8008
Diseases of the circulatory system,Male,2022,23112
Diseases of the digestive system,Male,2022,3853
Diseases of the skin and subcutaneous tissue,Male,2022,338
Diseases of the musculoskeletal system and connective tissue,Male,2022,694
Diseases of the genitourinary system,Male,2022,2199
Certain conditions originating in the perinatal period,Male,2022,259
"Congenital malformations, deformations and chromosomal abnormalities",Male,2022,374
"Symptoms, signs, ill-defined causes",Male,2022,2022
External causes of mortality,Male,2022,7940
COVID-19,Male,2022,5484
