STRUCTURE,STRUCTURE_ID,STRUCTURE_NAME,ACTION,REF_AREA,Reference area,FREQ,Frequency of observation,MEASURE,Measure,UNIT_MEASURE,Unit of measure,AGE,Age,SEX,Sex,SOCIO_ECON_STATUS,Socio-economic status,DEATH_CAUSE,Cause of death,CALC_METHODOLOGY,Calculation methodology,GESTATION_THRESHOLD,Gestation period threshold,HEALTH_STATUS,Health status,DISEASE,Disease,CANCER_SITE,Cancer site,TIME_PERIOD,Time period,OBS_VALUE,Observation value,DECIMALS,Decimals,OBS_STATUS,Observation status,OBS_STATUS2,Observation status 2,OBS_STATUS3,Observation status 3,UNIT_MULT,Unit multiplier
DATAFLOW,OECD.ELS.HD:DSD_HEALTH_STAT@DF_HEALTH_STATUS(1.0),Health status,I,AUS,Australia,A,Annual,AVM,Avoidable mortality,DT_10P5HB,Deaths per 100 000 inhabitants,_T,Total,F,Female,_Z,Not applicable,_Z,Not applicable,STANDARD,Standardised rate,_Z,Not applicable,_Z,Not applicable,_Z,Not applicable,_Z,Not applicable,2000,,165.4,,,,,,,,,,,
DATAFLOW,OECD.ELS.HD:DSD_HEALTH_STAT@DF_HEALTH_STATUS(1.0),Health status,I,AUS,Australia,A,Annual,AVM,Avoidable mortality,DT_10P5HB,Deaths per 100 000 inhabitants,_T,Total,F,Female,_Z,Not applicable,_Z,Not applicable,STANDARD,Standardised rate,_Z,Not applicable,_Z,Not applicable,_Z,Not applicable,_Z,Not applicable,2001,,158.2,,,,,,,,,,,
DATAFLOW,OECD.ELS.HD:DSD_HEALTH_STAT@DF_HEALTH_STATUS(1.0),Health status,I,AUS,Australia,A,Annual,AVM,Avoidable mortality,DT_10P5HB,Deaths per 100 000 inhabitants,_T,Total,F,Female,_Z,Not applicable,_Z,Not applicable,STANDARD,Standardised rate,_Z,Not applicable,_Z,Not applicable,_Z,Not applicable,_Z,Not applicable,2002,,155.2,,,,,,,,,,,
DATAFLOW,OECD.ELS.HD:DSD_HEALTH_STAT@DF_HEALTH_STATUS(1.0),Health status,I,AUS,Australia,A,Annual,AVM,Avoidable mortality,DT_10P5HB,Deaths per 100 000 inhabitants,_T,Total,F,Female,_Z,Not applicable,_Z,Not applicable,STANDARD,Standardised rate,_Z,Not applicable,_Z,Not applicable,_Z,Not applicable,_Z,Not applicable,2003,,146,,,,,,,,,,,
DATAFLOW,OECD.ELS.HD:DSD_HEALTH_STAT@DF_HEALTH_STATUS(1.0),Health status,I,AUS,Australia,A,Annual,AVM,Avoidable mortality,DT_10P5HB,Deaths per 100 000 inhabitants,_T,Total,F,Female,_Z,Not applicable,_Z,Not applicable,STANDARD,Standardised rate,_Z,Not applicable,_Z,Not applicable,_Z,Not applicable,_Z,Not applicable,2004,,140.1,,,,,,,,,,,
DATAFLOW,OECD.ELS.HD:DSD_HEALTH_STAT@DF_HEALTH_STATUS(1.0),Health status,I,AUS,Australia,A,Annual,AVM,Avoidable mortality,DT_10P5HB,Deaths per 100 000 inhabitants,_T,Total,F,Female,_Z,Not applicable,_Z,Not applicable,STANDARD,Standardised rate,_Z,Not applicable,_Z,Not applicable,_Z,Not applicable,_Z,Not applicable,2006,,134.3,,,,,,,,,,,
DATAFLOW,OECD.ELS.HD:DSD_HEALTH_STAT@DF_HEALTH_STATUS(1.0),Health status,I,AUS,Australia,A,Annual,AVM,Avoidable mortality,DT_10P5HB,Deaths per 100 000 inhabitants,_T,Total,F,Female,_Z,Not applicable,_Z,Not applicable,STANDARD,Standardised rate,_Z,Not applicable,_Z,Not applicable,_Z,Not applicable,_Z,Not applicable,2007,,131.5,,,,,,,,,,,
DATAFLOW,OECD.ELS.HD:DSD_HEALTH_STAT@DF_HEALTH_STATUS(1.0),Health status,I,AUS,Australia,A,Annual,AVM,Avoidable mortality,DT_10P5HB,Deaths per 100 000 inhabitants,_T,Total,F,Female,_Z,Not applicable,_Z,Not applicable,STANDARD,Standardised rate,_Z,Not applicable,_Z,Not applicable,_Z,Not applicable,_Z,Not applicable,2008,,131.1,,,,,,,,,,,
DATAFLOW,OECD.ELS.HD:DSD_HEALTH_STAT@DF_HEALTH_STATUS(1.0),Health status,I,AUS,Australia,A,Annual,AVM,Avoidable mortality,DT_10P5HB,Deaths per 100 000 inhabitants,_T,Total,F,Female,_Z,Not applicable,_Z,Not applicable,STANDARD,Standardised rate,_Z,Not applicable,_Z,Not applicable,_Z,Not applicable,_Z,Not applicable,2009,,128.8,,,,,,,,,,,
DATAFLOW,OECD.ELS.HD:DSD_HEALTH_STAT@DF_HEALTH_STATUS(1.0),Health status,I,AUS,Australia,A,Annual,AVM,Avoidable mortality,DT_10P5HB,Deaths per 100 000 inhabitants,_T,Total,F,Female,_Z,Not applicable,_Z,Not applicable,STANDARD,Standardised rate,_Z,Not applicable,_Z,Not applicable,_Z,Not applicable,_Z,Not applicable,2010,,123.5,,,,,,,,,,,
DATAFLOW,OECD.ELS.HD:DSD_HEALTH_STAT@DF_HEALTH_STATUS(1.0),Health status,I,AUS,Australia,A,Annual,AVM,Avoidable mortality,DT_10P5HB,Deaths per 100 000 inhabitants,_T,Total,F,Female,_Z,Not applicable,_Z,Not applicable,STANDARD,Standardised rate,_Z,Not applicable,_Z,Not applicable,_Z,Not applicable,_Z,Not applicable,2011,,123.7,,,,,,,,,,,
DATAFLOW,OECD.ELS.HD:DSD_HEALTH_STAT@DF_HEALTH_STATUS(1.0),Health status,I,AUS,Australia,A,Annual,AVM,Avoidable mortality,DT_10P5HB,Deaths per 100 000 inhabitants,_T,Total,F,Female,_Z,Not applicable,_Z,Not applicable,STANDARD,Standardised rate,_Z,Not applicable,_Z,Not applicable,_Z,Not applicable,_Z,Not applicable,2012,,119,,,,,,,,,,,
DATAFLOW,OECD.ELS.HD:DSD_HEALTH_STAT@DF_HEALTH_STATUS(1.0),Health status,I,AUS,Australia,A,Annual,AVM,Avoidable mortality,DT_10P5HB,Deaths per 100 000 inhabitants,_T,Total,F,Female,_Z,Not applicable,_Z,Not applicable,STANDARD,Standardised rate,_Z,Not applicable,_Z,Not applicable,_Z,Not applicable,_Z,Not applicable,2013,,116.2,,,,,,,,,,,
DATAFLOW,OECD.ELS.HD:DSD_HEALTH_STAT@DF_HEALTH_STATUS(1.0),Health status,I,AUS,Australia,A,Annual,AVM,Avoidable mortality,DT_10P5HB,Deaths per 100 000 inhabitants,_T,Total,F,Female,_Z,Not applicable,_Z,Not applicable,STANDARD,Standardised rate,_Z,Not applicable,_Z,Not applicable,_Z,Not applicable,_Z,Not applicable,2014,,118,,,,,,,,,,,
DATAFLOW,OECD.ELS.HD:DSD_HEALTH_STAT@DF_HEALTH_STATUS(1.0),Health status,I,AUS,Australia,A,Annual,AVM,Avoidable mortality,DT,Deaths,_T,Total,M,Male,_Z,Not applicable,_Z,Not applicable,_Z,Not applicable,_Z,Not applicable,_Z,Not applicable,_Z,Not applicable,_Z,Not applicable,2000,,24884,,,,,,,,,,,
DATAFLOW,OECD.ELS.HD:DSD_HEALTH_STAT@DF_HEALTH_STATUS(1.0),Health status,I,AUS,Australia,A,Annual,AVM,Avoidable mortality,DT,Deaths,_T,Total,M,Male,_Z,Not applicable,_Z,Not applicable,_Z,Not applicable,_Z,Not applicable,_Z,Not applicable,_Z,Not applicable,_Z,Not applicable,2001,,24175,,,,,,,,,,,
DATAFLOW,OECD.ELS.HD:DSD_HEALTH_STAT@DF_HEALTH_STATUS(1.0),Health status,I,AUS,Australia,A,Annual,AVM,Avoidable mortality,DT,Deaths,_T,Total,M,Male,_Z,Not applicable,_Z,Not applicable,_Z,Not applicable,_Z,Not applicable,_Z,Not applicable,_Z,Not applicable,_Z,Not applicable,2002,,23513,,,,,,,,,,,
DATAFLOW,OECD.ELS.HD:DSD_HEALTH_STAT@DF_HEALTH_STATUS(1.0),Health status,I,AUS,Australia,A,Annual,AVM,Avoidable mortality,DT,Deaths,_T,Total,M,Male,_Z,Not applicable,_Z,Not applicable,_Z,Not applicable,_Z,Not applicable,_Z,Not applicable,_Z,Not applicable,_Z,Not applicable,2003,,22867,,,,,,,,,,,
DATAFLOW,OECD.ELS.HD:DSD_HEALTH_STAT@DF_HEALTH_STATUS(1.0),Health status,I,AUS,Australia,A,Annual,AVM,Avoidable mortality,DT,Deaths,_T,Total,M,Male,_Z,Not applicable,_Z,Not applicable,_Z,Not applicable,_Z,Not applicable,_Z,Not applicable,_Z,Not applicable,_Z,Not applicable,2004,,22165,,,,,,,,,,,
DATAFLOW,OECD.ELS.HD:DSD_HEALTH_STAT@DF_HEALTH_STATUS(1.0),Health status,I,AUS,Australia,A,Annual,AVM,Avoidable mortality,DT,Deaths,_T,Total,M,Male,_Z,Not applicable,_Z,Not applicable,_Z,Not applicable,_Z,Not applicable,_Z,Not applicable,_Z,Not applicable,_Z,Not applicable,2006,,21231,,,,,,,,,,,
DATAFLOW,OECD.ELS.HD:DSD_HEALTH_STAT@DF_HEALTH_STATUS(1.0),Health status,I,AUS,Australia,A,Annual,AVM,Avoidable mortality,DT,Deaths,_T,Total,M,Male,_Z,Not applicable,_Z,Not applicable,_Z,Not applicable,_Z,Not applicable,_Z,Not applicable,_Z,Not applicable,_Z,Not applicable,2007,,21407,,,,,,,,,,,
DATAFLOW,OECD.ELS.HD:DSD_HEALTH_STAT@DF_HEALTH_STATUS(1.0),Health status,I,AUS,Australia,A,Annual,AVM,Avoidable mortality,DT,Deaths,_T,Total,M,Male,_Z,Not applicable,_Z,Not applicable,_Z,Not applicable,_Z,Not applicable,_Z,Not applicable,_Z,Not applicable,_Z,Not applicable,2008,,22030,,,,,,,,,,,
DATAFLOW,OECD.ELS.HD:DSD_HEALTH_STAT@DF_HEALTH_STATUS(1.0),Health status,I,AUS,Australia,A,Annual,AVM,Avoidable mortality,DT,Deaths,_T,Total,M,Male,_Z,Not applicable,_Z,Not applicable,_Z,Not applicable,_Z,Not applicable,_Z,Not applicable,_Z,Not applicable,_Z,Not applicable,2009,,22041,,,,,,,,,,,
DATAFLOW,OECD.ELS.HD:DSD_HEALTH_STAT@DF_HEALTH_STATUS(1.0),Health status,I,AUS,Australia,A,Annual,AVM,Avoidable mortality,DT,Deaths,_T,Total,M,Male,_Z,Not applicable,_Z,Not applicable,_Z,Not applicable,_Z,Not applicable,_Z,Not applicable,_Z,Not applicable,_Z,Not applicable,2010,,21830,,,,,,,,,,,
DATAFLOW,OECD.ELS.HD:DSD_HEALTH_STAT@DF_HEALTH_STATUS(1.0),Health status,I,AUS,Australia,A,Annual,AVM,Avoidable mortality,DT,Deaths,_T,Total,M,Male,_Z,Not applicable,_Z,Not applicable,_Z,Not applicable,_Z,Not applicable,_Z,Not applicable,_Z,Not applicable,_Z,Not applicable,2011,,21811,,,,,,,,,,,
DATAFLOW,OECD.ELS.HD:DSD_HEALTH_STAT@DF_HEALTH_STATUS(1.0),Health status,I,AUS,Australia,A,Annual,AVM,Avoidable mortality,DT,Deaths,_T,Total,M,Male,_Z,Not applicable,_Z,Not applicable,_Z,Not applicable,_Z,Not applicable,_Z,Not applicable,_Z,Not applicable,_Z,Not applicable,2012,,21412,,,,,,,,,,,
DATAFLOW,OECD.ELS.HD:DSD_HEALTH_STAT@DF_HEALTH_STATUS(1.0),Health status,I,AUS,Australia,A,Annual,AVM,Avoidable mortality,DT,Deaths,_T,Total,M,Male,_Z,Not applicable,_Z,Not applicable,_Z,Not applicable,_Z,Not applicable,_Z,Not applicable,_Z,Not applicable,_Z,Not applicable,2013,,22023,,,,,,,,,,,
DATAFLOW,OECD.ELS.HD:DSD_HEALTH_STAT@DF_HEALTH_STATUS(1.0),Health status,I,AUS,Australia,A,Annual,AVM,Avoidable mortality,DT,Deaths,_T,Total,M,Male,_Z,Not applicable,_Z,Not applicable,_Z,Not applicable,_Z,Not applicable,_Z,Not applicable,_Z,Not applicable,_Z,Not applicable,2014,,22595,,,,,,,,,,,
DATAFLOW,OECD.ELS.HD:DSD_HEALTH_STAT@DF_HEALTH_STATUS(1.0),Health status,I,AUS,Australia,A,Annual,AVM,Avoidable mortality,DT_10P5HB,Deaths per 100 000 inhabitants,_T,Total,M,Male,_Z,Not applicable,_Z,Not applicable,STANDARD,Standardised rate,_Z,Not applicable,_Z,Not applicable,_Z,Not applicable,_Z,Not applicable,2000,,309.6,,,,,,,,,,,
DATAFLOW,OECD.ELS.HD:DSD_HEALTH_STAT@DF_HEALTH_STATUS(1.0),Health status,I,AUS,Australia,A,Annual,AVM,Avoidable mortality,DT_10P5HB,Deaths per 100 000 inhabitants,_T,Total,M,Male,_Z,Not applicable,_Z,Not applicable,STANDARD,Standardised rate,_Z,Not applicable,_Z,Not applicable,_Z,Not applicable,_Z,Not applicable,2001,,295.9,,,,,,,,,,,
DATAFLOW,OECD.ELS.HD:DSD_HEALTH_STAT@DF_HEALTH_STATUS(1.0),Health status,I,AUS,Australia,A,Annual,AVM,Avoidable mortality,DT_10P5HB,Deaths per 100 000 inhabitants,_T,Total,M,Male,_Z,Not applicable,_Z,Not applicable,STANDARD,Standardised rate,_Z,Not applicable,_Z,Not applicable,_Z,Not applicable,_Z,Not applicable,2002,,282.5,,,,,,,,,,,
DATAFLOW,OECD.ELS.HD:DSD_HEALTH_STAT@DF_HEALTH_STATUS(1.0),Health status,I,AUS,Australia,A,Annual,AVM,Avoidable mortality,DT_10P5HB,Deaths per 100 000 inhabitants,_T,Total,M,Male,_Z,Not applicable,_Z,Not applicable,STANDARD,Standardised rate,_Z,Not applicable,_Z,Not applicable,_Z,Not applicable,_Z,Not applicable,2003,,270.4,,,,,,,,,,,
DATAFLOW,OECD.ELS.HD:DSD_HEALTH_STAT@DF_HEALTH_STATUS(1.0),Health status,I,AUS,Australia,A,Annual,AVM,Avoidable mortality,DT_10P5HB,Deaths per 100 000 inhabitants,_T,Total,M,Male,_Z,Not applicable,_Z,Not applicable,STANDARD,Standardised rate,_Z,Not applicable,_Z,Not applicable,_Z,Not applicable,_Z,Not applicable,2004,,259,,,,,,,,,,,
DATAFLOW,OECD.ELS.HD:DSD_HEALTH_STAT@DF_HEALTH_STATUS(1.0),Health status,I,AUS,Australia,A,Annual,AVM,Avoidable mortality,DT_10P5HB,Deaths per 100 000 inhabitants,_T,Total,M,Male,_Z,Not applicable,_Z,Not applicable,STANDARD,Standardised rate,_Z,Not applicable,_Z,Not applicable,_Z,Not applicable,_Z,Not applicable,2006,,242.2,,,,,,,,,,,
DATAFLOW,OECD.ELS.HD:DSD_HEALTH_STAT@DF_HEALTH_STATUS(1.0),Health status,I,AUS,Australia,A,Annual,AVM,Avoidable mortality,DT_10P5HB,Deaths per 100 000 inhabitants,_T,Total,M,Male,_Z,Not applicable,_Z,Not applicable,STANDARD,Standardised rate,_Z,Not applicable,_Z,Not applicable,_Z,Not applicable,_Z,Not applicable,2007,,231.7,,,,,,,,,,,
DATAFLOW,OECD.ELS.HD:DSD_HEALTH_STAT@DF_HEALTH_STATUS(1.0),Health status,I,AUS,Australia,A,Annual,AVM,Avoidable mortality,DT_10P5HB,Deaths per 100 000 inhabitants,_T,Total,M,Male,_Z,Not applicable,_Z,Not applicable,STANDARD,Standardised rate,_Z,Not applicable,_Z,Not applicable,_Z,Not applicable,_Z,Not applicable,2008,,233.2,,,,,,,,,,,
DATAFLOW,OECD.ELS.HD:DSD_HEALTH_STAT@DF_HEALTH_STATUS(1.0),Health status,I,AUS,Australia,A,Annual,AVM,Avoidable mortality,DT_10P5HB,Deaths per 100 000 inhabitants,_T,Total,M,Male,_Z,Not applicable,_Z,Not applicable,STANDARD,Standardised rate,_Z,Not applicable,_Z,Not applicable,_Z,Not applicable,_Z,Not applicable,2009,,225.8,,,,,,,,,,,
DATAFLOW,OECD.ELS.HD:DSD_HEALTH_STAT@DF_HEALTH_STATUS(1.0),Health status,I,AUS,Australia,A,Annual,AVM,Avoidable mortality,DT_10P5HB,Deaths per 100 000 inhabitants,_T,Total,M,Male,_Z,Not applicable,_Z,Not applicable,STANDARD,Standardised rate,_Z,Not applicable,_Z,Not applicable,_Z,Not applicable,_Z,Not applicable,2010,,217.4,,,,,,,,,,,
DATAFLOW,OECD.ELS.HD:DSD_HEALTH_STAT@DF_HEALTH_STATUS(1.0),Health status,I,AUS,Australia,A,Annual,AVM,Avoidable mortality,DT_10P5HB,Deaths per 100 000 inhabitants,_T,Total,M,Male,_Z,Not applicable,_Z,Not applicable,STANDARD,Standardised rate,_Z,Not applicable,_Z,Not applicable,_Z,Not applicable,_Z,Not applicable,2011,,213.4,,,,,,,,,,,
DATAFLOW,OECD.ELS.HD:DSD_HEALTH_STAT@DF_HEALTH_STATUS(1.0),Health status,I,AUS,Australia,A,Annual,AVM,Avoidable mortality,DT_10P5HB,Deaths per 100 000 inhabitants,_T,Total,M,Male,_Z,Not applicable,_Z,Not applicable,STANDARD,Standardised rate,_Z,Not applicable,_Z,Not applicable,_Z,Not applicable,_Z,Not applicable,2012,,203.1,,,,,,,,,,,
DATAFLOW,OECD.ELS.HD:DSD_HEALTH_STAT@DF_HEALTH_STATUS(1.0),Health status,I,AUS,Australia,A,Annual,AVM,Avoidable mortality,DT_10P5HB,Deaths per 100 000 inhabitants,_T,Total,M,Male,_Z,Not applicable,_Z,Not applicable,STANDARD,Standardised rate,_Z,Not applicable,_Z,Not applicable,_Z,Not applicable,_Z,Not applicable,2013,,204.4,,,,,,,,,,,
DATAFLOW,OECD.ELS.HD:DSD_HEALTH_STAT@DF_HEALTH_STATUS(1.0),Health status,I,AUS,Australia,A,Annual,AVM,Avoidable mortality,DT_10P5HB,Deaths per 100 000 inhabitants,_T,Total,M,Male,_Z,Not applicable,_Z,Not applicable,STANDARD,Standardised rate,_Z,Not applicable,_Z,Not applicable,_Z,Not applicable,_Z,Not applicable,2014,,204.7,,,,,,,,,,,
DATAFLOW,OECD.ELS.HD:DSD_HEALTH_STAT@DF_HEALTH_STATUS(1.0),Health status,I,AUS,Australia,A,Annual,AVM,Avoidable mortality,DT,Deaths,_T,Total,_T,Total,_Z,Not applicable,_Z,Not applicable,_Z,Not applicable,_Z,Not applicable,_Z,Not applicable,_Z,Not applicable,_Z,Not applicable,2000,,38535.5,,,,,,,,,,,
DATAFLOW,OECD.ELS.HD:DSD_HEALTH_STAT@DF_HEALTH_STATUS(1.0),Health status,I,AUS,Australia,A,Annual,AVM,Avoidable mortality,DT,Deaths,_T,Total,_T,Total,_Z,Not applicable,_Z,Not applicable,_Z,Not applicable,_Z,Not applicable,_Z,Not applicable,_Z,Not applicable,_Z,Not applicable,2001,,37392,,,,,,,,,,,
DATAFLOW,OECD.ELS.HD:DSD_HEALTH_STAT@DF_HEALTH_STATUS(1.0),Health status,I,AUS,Australia,A,Annual,AVM,Avoidable mortality,DT,Deaths,_T,Total,_T,Total,_Z,Not applicable,_Z,Not applicable,_Z,Not applicable,_Z,Not applicable,_Z,Not applicable,_Z,Not applicable,_Z,Not applicable,2002,,36718,,,,,,,,,,,
DATAFLOW,OECD.ELS.HD:DSD_HEALTH_STAT@DF_HEALTH_STATUS(1.0),Health status,I,AUS,Australia,A,Annual,AVM,Avoidable mortality,DT,Deaths,_T,Total,_T,Total,_Z,Not applicable,_Z,Not applicable,_Z,Not applicable,_Z,Not applicable,_Z,Not applicable,_Z,Not applicable,_Z,Not applicable,2003,,35458,,,,,,,,,,,
DATAFLOW,OECD.ELS.HD:DSD_HEALTH_STAT@DF_HEALTH_STATUS(1.0),Health status,I,AUS,Australia,A,Annual,AVM,Avoidable mortality,DT,Deaths,_T,Total,_T,Total,_Z,Not applicable,_Z,Not applicable,_Z,Not applicable,_Z,Not applicable,_Z,Not applicable,_Z,Not applicable,_Z,Not applicable,2004,,34446,,,,,,,,,,,
DATAFLOW,OECD.ELS.HD:DSD_HEALTH_STAT@DF_HEALTH_STATUS(1.0),Health status,I,AUS,Australia,A,Annual,AVM,Avoidable mortality,DT,Deaths,_T,Total,_T,Total,_Z,Not applicable,_Z,Not applicable,_Z,Not applicable,_Z,Not applicable,_Z,Not applicable,_Z,Not applicable,_Z,Not applicable,2006,,33193,,,,,,,,,,,
DATAFLOW,OECD.ELS.HD:DSD_HEALTH_STAT@DF_HEALTH_STATUS(1.0),Health status,I,AUS,Australia,A,Annual,AVM,Avoidable mortality,DT,Deaths,_T,Total,_T,Total,_Z,Not applicable,_Z,Not applicable,_Z,Not applicable,_Z,Not applicable,_Z,Not applicable,_Z,Not applicable,_Z,Not applicable,2007,,33731.5,,,,,,,,,,,
DATAFLOW,OECD.ELS.HD:DSD_HEALTH_STAT@DF_HEALTH_STATUS(1.0),Health status,I,AUS,Australia,A,Annual,AVM,Avoidable mortality,DT,Deaths,_T,Total,_T,Total,_Z,Not applicable,_Z,Not applicable,_Z,Not applicable,_Z,Not applicable,_Z,Not applicable,_Z,Not applicable,_Z,Not applicable,2008,,34622.5,,,,,,,,,,,
DATAFLOW,OECD.ELS.HD:DSD_HEALTH_STAT@DF_HEALTH_STATUS(1.0),Health status,I,AUS,Australia,A,Annual,AVM,Avoidable mortality,DT,Deaths,_T,Total,_T,Total,_Z,Not applicable,_Z,Not applicable,_Z,Not applicable,_Z,Not applicable,_Z,Not applicable,_Z,Not applicable,_Z,Not applicable,2009,,34807.5,,,,,,,,,,,
DATAFLOW,OECD.ELS.HD:DSD_HEALTH_STAT@DF_HEALTH_STATUS(1.0),Health status,I,AUS,Australia,A,Annual,AVM,Avoidable mortality,DT,Deaths,_T,Total,_T,Total,_Z,Not applicable,_Z,Not applicable,_Z,Not applicable,_Z,Not applicable,_Z,Not applicable,_Z,Not applicable,_Z,Not applicable,2010,,34399.5,,,,,,,,,,,
DATAFLOW,OECD.ELS.HD:DSD_HEALTH_STAT@DF_HEALTH_STATUS(1.0),Health status,I,AUS,Australia,A,Annual,AVM,Avoidable mortality,DT,Deaths,_T,Total,_T,Total,_Z,Not applicable,_Z,Not applicable,_Z,Not applicable,_Z,Not applicable,_Z,Not applicable,_Z,Not applicable,_Z,Not applicable,2011,,34582.5,,,,,,,,,,,
DATAFLOW,OECD.ELS.HD:DSD_HEALTH_STAT@DF_HEALTH_STATUS(1.0),Health status,I,AUS,Australia,A,Annual,AVM,Avoidable mortality,DT,Deaths,_T,Total,_T,Total,_Z,Not applicable,_Z,Not applicable,_Z,Not applicable,_Z,Not applicable,_Z,Not applicable,_Z,Not applicable,_Z,Not applicable,2012,,34062.5,,,,,,,,,,,
DATAFLOW,OECD.ELS.HD:DSD_HEALTH_STAT@DF_HEALTH_STATUS(1.0),Health status,I,AUS,Australia,A,Annual,AVM,Avoidable mortality,DT,Deaths,_T,Total,_T,Total,_Z,Not applicable,_Z,Not applicable,_Z,Not applicable,_Z,Not applicable,_Z,Not applicable,_Z,Not applicable,_Z,Not applicable,2013,,34840.5,,,,,,,,,,,
DATAFLOW,OECD.ELS.HD:DSD_HEALTH_STAT@DF_HEALTH_STATUS(1.0),Health status,I,AUS,Australia,A,Annual,AVM,Avoidable mortality,DT,Deaths,_T,Total,_T,Total,_Z,Not applicable,_Z,Not applicable,_Z,Not applicable,_Z,Not applicable,_Z,Not applicable,_Z,Not applicable,_Z,Not applicable,2014,,35953,,,,,,,,,,,
DATAFLOW,OECD.ELS.HD:DSD_HEALTH_STAT@DF_HEALTH_STATUS(1.0),Health status,I,AUS,Australia,A,Annual,AVM,Avoidable mortality,DT,Deaths,_T,Total,F,Female,_Z,Not applicable,_Z,Not applicable,_Z,Not applicable,_Z,Not applicable,_Z,Not applicable,_Z,Not applicable,_Z,Not applicable,2000,,13651,,,,,,,,,,,
DATAFLOW,OECD.ELS.HD:DSD_HEALTH_STAT@DF_HEALTH_STATUS(1.0),Health status,I,AUS,Australia,A,Annual,AVM,Avoidable mortality,DT,Deaths,_T,Total,F,Female,_Z,Not applicable,_Z,Not applicable,_Z,Not applicable,_Z,Not applicable,_Z,Not applicable,_Z,Not applicable,_Z,Not applicable,2001,,13217,,,,,,,,,,,
DATAFLOW,OECD.ELS.HD:DSD_HEALTH_STAT@DF_HEALTH_STATUS(1.0),Health status,I,AUS,Australia,A,Annual,AVM,Avoidable mortality,DT,Deaths,_T,Total,F,Female,_Z,Not applicable,_Z,Not applicable,_Z,Not applicable,_Z,Not applicable,_Z,Not applicable,_Z,Not applicable,_Z,Not applicable,2002,,13205,,,,,,,,,,,
DATAFLOW,OECD.ELS.HD:DSD_HEALTH_STAT@DF_HEALTH_STATUS(1.0),Health status,I,AUS,Australia,A,Annual,AVM,Avoidable mortality,DT,Deaths,_T,Total,F,Female,_Z,Not applicable,_Z,Not applicable,_Z,Not applicable,_Z,Not applicable,_Z,Not applicable,_Z,Not applicable,_Z,Not applicable,2003,,12591,,,,,,,,,,,
DATAFLOW,OECD.ELS.HD:DSD_HEALTH_STAT@DF_HEALTH_STATUS(1.0),Health status,I,AUS,Australia,A,Annual,AVM,Avoidable mortality,DT,Deaths,_T,Total,F,Female,_Z,Not applicable,_Z,Not applicable,_Z,Not applicable,_Z,Not applicable,_Z,Not applicable,_Z,Not applicable,_Z,Not applicable,2004,,12281,,,,,,,,,,,
DATAFLOW,OECD.ELS.HD:DSD_HEALTH_STAT@DF_HEALTH_STATUS(1.0),Health status,I,AUS,Australia,A,Annual,AVM,Avoidable mortality,DT,Deaths,_T,Total,F,Female,_Z,Not applicable,_Z,Not applicable,_Z,Not applicable,_Z,Not applicable,_Z,Not applicable,_Z,Not applicable,_Z,Not applicable,2006,,11962,,,,,,,,,,,
DATAFLOW,OECD.ELS.HD:DSD_HEALTH_STAT@DF_HEALTH_STATUS(1.0),Health status,I,AUS,Australia,A,Annual,AVM,Avoidable mortality,DT,Deaths,_T,Total,F,Female,_Z,Not applicable,_Z,Not applicable,_Z,Not applicable,_Z,Not applicable,_Z,Not applicable,_Z,Not applicable,_Z,Not applicable,2007,,12324,,,,,,,,,,,
DATAFLOW,OECD.ELS.HD:DSD_HEALTH_STAT@DF_HEALTH_STATUS(1.0),Health status,I,AUS,Australia,A,Annual,AVM,Avoidable mortality,DT,Deaths,_T,Total,F,Female,_Z,Not applicable,_Z,Not applicable,_Z,Not applicable,_Z,Not applicable,_Z,Not applicable,_Z,Not applicable,_Z,Not applicable,2008,,12592,,,,,,,,,,,
DATAFLOW,OECD.ELS.HD:DSD_HEALTH_STAT@DF_HEALTH_STATUS(1.0),Health status,I,AUS,Australia,A,Annual,AVM,Avoidable mortality,DT,Deaths,_T,Total,F,Female,_Z,Not applicable,_Z,Not applicable,_Z,Not applicable,_Z,Not applicable,_Z,Not applicable,_Z,Not applicable,_Z,Not applicable,2009,,12766,,,,,,,,,,,
DATAFLOW,OECD.ELS.HD:DSD_HEALTH_STAT@DF_HEALTH_STATUS(1.0),Health status,I,AUS,Australia,A,Annual,AVM,Avoidable mortality,DT,Deaths,_T,Total,F,Female,_Z,Not applicable,_Z,Not applicable,_Z,Not applicable,_Z,Not applicable,_Z,Not applicable,_Z,Not applicable,_Z,Not applicable,2010,,12569,,,,,,,,,,,
DATAFLOW,OECD.ELS.HD:DSD_HEALTH_STAT@DF_HEALTH_STATUS(1.0),Health status,I,AUS,Australia,A,Annual,AVM,Avoidable mortality,DT,Deaths,_T,Total,F,Female,_Z,Not applicable,_Z,Not applicable,_Z,Not applicable,_Z,Not applicable,_Z,Not applicable,_Z,Not applicable,_Z,Not applicable,2011,,12771,,,,,,,,,,,
DATAFLOW,OECD.ELS.HD:DSD_HEALTH_STAT@DF_HEALTH_STATUS(1.0),Health status,I,AUS,Australia,A,Annual,AVM,Avoidable mortality,DT,Deaths,_T,Total,F,Female,_Z,Not applicable,_Z,Not applicable,_Z,Not applicable,_Z,Not applicable,_Z,Not applicable,_Z,Not applicable,_Z,Not applicable,2012,,12650,,,,,,,,,,,
DATAFLOW,OECD.ELS.HD:DSD_HEALTH_STAT@DF_HEALTH_STATUS(1.0),Health status,I,AUS,Australia,A,Annual,AVM,Avoidable mortality,DT,Deaths,_T,Total,F,Female,_Z,Not applicable,_Z,Not applicable,_Z,Not applicable,_Z,Not applicable,_Z,Not applicable,_Z,Not applicable,_Z,Not applicable,2013,,12817,,,,,,,,,,,
DATAFLOW,OECD.ELS.HD:DSD_HEALTH_STAT@DF_HEALTH_STATUS(1.0),Health status,I,AUS,Australia,A,Annual,AVM,Avoidable mortality,DT,Deaths,_T,Total,F,Female,_Z,Not applicable,_Z,Not applicable,_Z,Not applicable,_Z,Not applicable,_Z,Not applicable,_Z,Not applicable,_Z,Not applicable,2014,,13358,,,,,,,,,,,
DATAFLOW,OECD.ELS.HD:DSD_HEALTH_STAT@DF_HEALTH_STATUS(1.0),Health status,I,AUS,Australia,A,Annual,AVM,Avoidable mortality,DT_10P5HB,Deaths per 100 000 inhabitants,_T,Total,_T,Total,_Z,Not applicable,_Z,Not applicable,STANDARD,Standardised rate,_Z,Not applicable,_Z,Not applicable,_Z,Not applicable,_Z,Not applicable,2000,,236.4,,,,,,,,,,,
DATAFLOW,OECD.ELS.HD:DSD_HEALTH_STAT@DF_HEALTH_STATUS(1.0),Health status,I,AUS,Australia,A,Annual,AVM,Avoidable mortality,DT_10P5HB,Deaths per 100 000 inhabitants,_T,Total,_T,Total,_Z,Not applicable,_Z,Not applicable,STANDARD,Standardised rate,_Z,Not applicable,_Z,Not applicable,_Z,Not applicable,_Z,Not applicable,2001,,226.3,,,,,,,,,,,
DATAFLOW,OECD.ELS.HD:DSD_HEALTH_STAT@DF_HEALTH_STATUS(1.0),Health status,I,AUS,Australia,A,Annual,AVM,Avoidable mortality,DT_10P5HB,Deaths per 100 000 inhabitants,_T,Total,_T,Total,_Z,Not applicable,_Z,Not applicable,STANDARD,Standardised rate,_Z,Not applicable,_Z,Not applicable,_Z,Not applicable,_Z,Not applicable,2002,,218.4,,,,,,,,,,,
DATAFLOW,OECD.ELS.HD:DSD_HEALTH_STAT@DF_HEALTH_STATUS(1.0),Health status,I,AUS,Australia,A,Annual,AVM,Avoidable mortality,DT_10P5HB,Deaths per 100 000 inhabitants,_T,Total,_T,Total,_Z,Not applicable,_Z,Not applicable,STANDARD,Standardised rate,_Z,Not applicable,_Z,Not applicable,_Z,Not applicable,_Z,Not applicable,2003,,207.6,,,,,,,,,,,
DATAFLOW,OECD.ELS.HD:DSD_HEALTH_STAT@DF_HEALTH_STATUS(1.0),Health status,I,AUS,Australia,A,Annual,AVM,Avoidable mortality,DT_10P5HB,Deaths per 100 000 inhabitants,_T,Total,_T,Total,_Z,Not applicable,_Z,Not applicable,STANDARD,Standardised rate,_Z,Not applicable,_Z,Not applicable,_Z,Not applicable,_Z,Not applicable,2004,,198.9,,,,,,,,,,,
DATAFLOW,OECD.ELS.HD:DSD_HEALTH_STAT@DF_HEALTH_STATUS(1.0),Health status,I,AUS,Australia,A,Annual,AVM,Avoidable mortality,DT_10P5HB,Deaths per 100 000 inhabitants,_T,Total,_T,Total,_Z,Not applicable,_Z,Not applicable,STANDARD,Standardised rate,_Z,Not applicable,_Z,Not applicable,_Z,Not applicable,_Z,Not applicable,2006,,187.2,,,,,,,,,,,
DATAFLOW,OECD.ELS.HD:DSD_HEALTH_STAT@DF_HEALTH_STATUS(1.0),Health status,I,AUS,Australia,A,Annual,AVM,Avoidable mortality,DT_10P5HB,Deaths per 100 000 inhabitants,_T,Total,_T,Total,_Z,Not applicable,_Z,Not applicable,STANDARD,Standardised rate,_Z,Not applicable,_Z,Not applicable,_Z,Not applicable,_Z,Not applicable,2007,,181.2,,,,,,,,,,,
DATAFLOW,OECD.ELS.HD:DSD_HEALTH_STAT@DF_HEALTH_STATUS(1.0),Health status,I,AUS,Australia,A,Annual,AVM,Avoidable mortality,DT_10P5HB,Deaths per 100 000 inhabitants,_T,Total,_T,Total,_Z,Not applicable,_Z,Not applicable,STANDARD,Standardised rate,_Z,Not applicable,_Z,Not applicable,_Z,Not applicable,_Z,Not applicable,2008,,181.2,,,,,,,,,,,
DATAFLOW,OECD.ELS.HD:DSD_HEALTH_STAT@DF_HEALTH_STATUS(1.0),Health status,I,AUS,Australia,A,Annual,AVM,Avoidable mortality,DT_10P5HB,Deaths per 100 000 inhabitants,_T,Total,_T,Total,_Z,Not applicable,_Z,Not applicable,STANDARD,Standardised rate,_Z,Not applicable,_Z,Not applicable,_Z,Not applicable,_Z,Not applicable,2009,,176.6,,,,,,,,,,,
DATAFLOW,OECD.ELS.HD:DSD_HEALTH_STAT@DF_HEALTH_STATUS(1.0),Health status,I,AUS,Australia,A,Annual,AVM,Avoidable mortality,DT_10P5HB,Deaths per 100 000 inhabitants,_T,Total,_T,Total,_Z,Not applicable,_Z,Not applicable,STANDARD,Standardised rate,_Z,Not applicable,_Z,Not applicable,_Z,Not applicable,_Z,Not applicable,2010,,170,,,,,,,,,,,
DATAFLOW,OECD.ELS.HD:DSD_HEALTH_STAT@DF_HEALTH_STATUS(1.0),Health status,I,AUS,Australia,A,Annual,AVM,Avoidable mortality,DT_10P5HB,Deaths per 100 000 inhabitants,_T,Total,_T,Total,_Z,Not applicable,_Z,Not applicable,STANDARD,Standardised rate,_Z,Not applicable,_Z,Not applicable,_Z,Not applicable,_Z,Not applicable,2011,,167.9,,,,,,,,,,,
DATAFLOW,OECD.ELS.HD:DSD_HEALTH_STAT@DF_HEALTH_STATUS(1.0),Health status,I,AUS,Australia,A,Annual,AVM,Avoidable mortality,DT_10P5HB,Deaths per 100 000 inhabitants,_T,Total,_T,Total,_Z,Not applicable,_Z,Not applicable,STANDARD,Standardised rate,_Z,Not applicable,_Z,Not applicable,_Z,Not applicable,_Z,Not applicable,2012,,160.7,,,,,,,,,,,
DATAFLOW,OECD.ELS.HD:DSD_HEALTH_STAT@DF_HEALTH_STATUS(1.0),Health status,I,AUS,Australia,A,Annual,AVM,Avoidable mortality,DT_10P5HB,Deaths per 100 000 inhabitants,_T,Total,_T,Total,_Z,Not applicable,_Z,Not applicable,STANDARD,Standardised rate,_Z,Not applicable,_Z,Not applicable,_Z,Not applicable,_Z,Not applicable,2013,,160,,,,,,,,,,,
DATAFLOW,OECD.ELS.HD:DSD_HEALTH_STAT@DF_HEALTH_STATUS(1.0),Health status,I,AUS,Australia,A,Annual,AVM,Avoidable mortality,DT_10P5HB,Deaths per 100 000 inhabitants,_T,Total,_T,Total,_Z,Not applicable,_Z,Not applicable,STANDARD,Standardised rate,_Z,Not applicable,_Z,Not applicable,_Z,Not applicable,_Z,Not applicable,2014,,161.1,,,,,,,,,,,
