STRUCTURE,STRUCTURE_ID,STRUCTURE_NAME,ACTION,REF_AREA,Reference area,FREQ,Frequency of observation,MEASURE,Measure,UNIT_MEASURE,Unit of measure,AGE,Age,SEX,Sex,SOCIO_ECON_STATUS,Socio-economic status,DEATH_CAUSE,Cause of death,CALC_METHODOLOGY,Calculation methodology,GESTATION_THRESHOLD,Gestation period threshold,HEALTH_STATUS,Health status,DISEASE,Disease,CANCER_SITE,Cancer site,TIME_PERIOD,Time period,OBS_VALUE,Observation value,DECIMALS,Decimals,OBS_STATUS,Observation status,OBS_STATUS2,Observation status 2,OBS_STATUS3,Observation status 3,UNIT_MULT,Unit multiplier
DATAFLOW,OECD.ELS.HD:DSD_HEALTH_STAT@DF_HEALTH_STATUS(1.0),Health status,I,AUS,Australia,A,Annual,TRTM,Treatable mortality,DT,Deaths,_T,Total,F,Female,_Z,Not applicable,_Z,Not applicable,_Z,Not applicable,_Z,Not applicable,_Z,Not applicable,_Z,Not applicable,_Z,Not applicable,2000,,6476.5,,,,,,,,,,,
DATAFLOW,OECD.ELS.HD:DSD_HEALTH_STAT@DF_HEALTH_STATUS(1.0),Health status,I,AUS,Australia,A,Annual,TRTM,Treatable mortality,DT,Deaths,_T,Total,F,Female,_Z,Not applicable,_Z,Not applicable,_Z,Not applicable,_Z,Not applicable,_Z,Not applicable,_Z,Not applicable,_Z,Not applicable,2001,,6329,,,,,,,,,,,
DATAFLOW,OECD.ELS.HD:DSD_HEALTH_STAT@DF_HEALTH_STATUS(1.0),Health status,I,AUS,Australia,A,Annual,TRTM,Treatable mortality,DT,Deaths,_T,Total,F,Female,_Z,Not applicable,_Z,Not applicable,_Z,Not applicable,_Z,Not applicable,_Z,Not applicable,_Z,Not applicable,_Z,Not applicable,2002,,6378,,,,,,,,,,,
DATAFLOW,OECD.ELS.HD:DSD_HEALTH_STAT@DF_HEALTH_STATUS(1.0),Health status,I,AUS,Australia,A,Annual,TRTM,Treatable mortality,DT,Deaths,_T,Total,F,Female,_Z,Not applicable,_Z,Not applicable,_Z,Not applicable,_Z,Not applicable,_Z,Not applicable,_Z,Not applicable,_Z,Not applicable,2003,,6106,,,,,,,,,,,
DATAFLOW,OECD.ELS.HD:DSD_HEALTH_STAT@DF_HEALTH_STATUS(1.0),Health status,I,AUS,Australia,A,Annual,TRTM,Treatable mortality,DT,Deaths,_T,Total,F,Female,_Z,Not applicable,_Z,Not applicable,_Z,Not applicable,_Z,Not applicable,_Z,Not applicable,_Z,Not applicable,_Z,Not applicable,2004,,5884.5,,,,,,,,,,,
DATAFLOW,OECD.ELS.HD:DSD_HEALTH_STAT@DF_HEALTH_STATUS(1.0),Health status,I,AUS,Australia,A,Annual,TRTM,Treatable mortality,DT,Deaths,_T,Total,F,Female,_Z,Not applicable,_Z,Not applicable,_Z,Not applicable,_Z,Not applicable,_Z,Not applicable,_Z,Not applicable,_Z,Not applicable,2006,,5588,,,,,,,,,,,
DATAFLOW,OECD.ELS.HD:DSD_HEALTH_STAT@DF_HEALTH_STATUS(1.0),Health status,I,AUS,Australia,A,Annual,TRTM,Treatable mortality,DT,Deaths,_T,Total,F,Female,_Z,Not applicable,_Z,Not applicable,_Z,Not applicable,_Z,Not applicable,_Z,Not applicable,_Z,Not applicable,_Z,Not applicable,2007,,5697,,,,,,,,,,,
DATAFLOW,OECD.ELS.HD:DSD_HEALTH_STAT@DF_HEALTH_STATUS(1.0),Health status,I,AUS,Australia,A,Annual,TRTM,Treatable mortality,DT,Deaths,_T,Total,F,Female,_Z,Not applicable,_Z,Not applicable,_Z,Not applicable,_Z,Not applicable,_Z,Not applicable,_Z,Not applicable,_Z,Not applicable,2008,,5840.5,,,,,,,,,,,
DATAFLOW,OECD.ELS.HD:DSD_HEALTH_STAT@DF_HEALTH_STATUS(1.0),Health status,I,AUS,Australia,A,Annual,TRTM,Treatable mortality,DT,Deaths,_T,Total,F,Female,_Z,Not applicable,_Z,Not applicable,_Z,Not applicable,_Z,Not applicable,_Z,Not applicable,_Z,Not applicable,_Z,Not applicable,2009,,5817.5,,,,,,,,,,,
DATAFLOW,OECD.ELS.HD:DSD_HEALTH_STAT@DF_HEALTH_STATUS(1.0),Health status,I,AUS,Australia,A,Annual,TRTM,Treatable mortality,DT,Deaths,_T,Total,F,Female,_Z,Not applicable,_Z,Not applicable,_Z,Not applicable,_Z,Not applicable,_Z,Not applicable,_Z,Not applicable,_Z,Not applicable,2010,,5677.5,,,,,,,,,,,
DATAFLOW,OECD.ELS.HD:DSD_HEALTH_STAT@DF_HEALTH_STATUS(1.0),Health status,I,AUS,Australia,A,Annual,TRTM,Treatable mortality,DT,Deaths,_T,Total,F,Female,_Z,Not applicable,_Z,Not applicable,_Z,Not applicable,_Z,Not applicable,_Z,Not applicable,_Z,Not applicable,_Z,Not applicable,2011,,5762.5,,,,,,,,,,,
DATAFLOW,OECD.ELS.HD:DSD_HEALTH_STAT@DF_HEALTH_STATUS(1.0),Health status,I,AUS,Australia,A,Annual,TRTM,Treatable mortality,DT,Deaths,_T,Total,F,Female,_Z,Not applicable,_Z,Not applicable,_Z,Not applicable,_Z,Not applicable,_Z,Not applicable,_Z,Not applicable,_Z,Not applicable,2012,,5616,,,,,,,,,,,
DATAFLOW,OECD.ELS.HD:DSD_HEALTH_STAT@DF_HEALTH_STATUS(1.0),Health status,I,AUS,Australia,A,Annual,TRTM,Treatable mortality,DT,Deaths,_T,Total,F,Female,_Z,Not applicable,_Z,Not applicable,_Z,Not applicable,_Z,Not applicable,_Z,Not applicable,_Z,Not applicable,_Z,Not applicable,2013,,5660,,,,,,,,,,,
DATAFLOW,OECD.ELS.HD:DSD_HEALTH_STAT@DF_HEALTH_STATUS(1.0),Health status,I,AUS,Australia,A,Annual,TRTM,Treatable mortality,DT,Deaths,_T,Total,F,Female,_Z,Not applicable,_Z,Not applicable,_Z,Not applicable,_Z,Not applicable,_Z,Not applicable,_Z,Not applicable,_Z,Not applicable,2014,,5811,,,,,,,,,,,
DATAFLOW,OECD.ELS.HD:DSD_HEALTH_STAT@DF_HEALTH_STATUS(1.0),Health status,I,AUS,Australia,A,Annual,TRTM,Treatable mortality,DT,Deaths,_T,Total,F,Female,_Z,Not applicable,_Z,Not applicable,_Z,Not applicable,_Z,Not applicable,_Z,Not applicable,_Z,Not applicable,_Z,Not applicable,2015,,5837.5,,,,,,,,,,,
DATAFLOW,OECD.ELS.HD:DSD_HEALTH_STAT@DF_HEALTH_STATUS(1.0),Health status,I,AUS,Australia,A,Annual,TRTM,Treatable mortality,DT,Deaths,_T,Total,F,Female,_Z,Not applicable,_Z,Not applicable,_Z,Not applicable,_Z,Not applicable,_Z,Not applicable,_Z,Not applicable,_Z,Not applicable,2016,,5906,,,,,,,,,,,
DATAFLOW,OECD.ELS.HD:DSD_HEALTH_STAT@DF_HEALTH_STATUS(1.0),Health status,I,AUS,Australia,A,Annual,TRTM,Treatable mortality,DT,Deaths,_T,Total,F,Female,_Z,Not applicable,_Z,Not applicable,_Z,Not applicable,_Z,Not applicable,_Z,Not applicable,_Z,Not applicable,_Z,Not applicable,2017,,5764.5,,,,,,,,,,,
DATAFLOW,OECD.ELS.HD:DSD_HEALTH_STAT@DF_HEALTH_STATUS(1.0),Health status,I,AUS,Australia,A,Annual,TRTM,Treatable mortality,DT,Deaths,_T,Total,F,Female,_Z,Not applicable,_Z,Not applicable,_Z,Not applicable,_Z,Not applicable,_Z,Not applicable,_Z,Not applicable,_Z,Not applicable,2018,,5742.5,,,,,,,,,,,
DATAFLOW,OECD.ELS.HD:DSD_HEALTH_STAT@DF_HEALTH_STATUS(1.0),Health status,I,AUS,Australia,A,Annual,TRTM,Treatable mortality,DT,Deaths,_T,Total,F,Female,_Z,Not applicable,_Z,Not applicable,_Z,Not applicable,_Z,Not applicable,_Z,Not applicable,_Z,Not applicable,_Z,Not applicable,2019,,6102.5,,,,,,,,,,,
DATAFLOW,OECD.ELS.HD:DSD_HEALTH_STAT@DF_HEALTH_STATUS(1.0),Health status,I,AUS,Australia,A,Annual,TRTM,Treatable mortality,DT,Deaths,_T,Total,F,Female,_Z,Not applicable,_Z,Not applicable,_Z,Not applicable,_Z,Not applicable,_Z,Not applicable,_Z,Not applicable,_Z,Not applicable,2020,,5879.5,,,,,,,,,,,
DATAFLOW,OECD.ELS.HD:DSD_HEALTH_STAT@DF_HEALTH_STATUS(1.0),Health status,I,AUS,Australia,A,Annual,TRTM,Treatable mortality,DT,Deaths,_T,Total,F,Female,_Z,Not applicable,_Z,Not applicable,_Z,Not applicable,_Z,Not applicable,_Z,Not applicable,_Z,Not applicable,_Z,Not applicable,2021,,5893.5,,,,,,,,,,,
DATAFLOW,OECD.ELS.HD:DSD_HEALTH_STAT@DF_HEALTH_STATUS(1.0),Health status,I,AUS,Australia,A,Annual,TRTM,Treatable mortality,DT,Deaths,_T,Total,F,Female,_Z,Not applicable,_Z,Not applicable,_Z,Not applicable,_Z,Not applicable,_Z,Not applicable,_Z,Not applicable,_Z,Not applicable,2022,,6089,,,,,,,,,,,
DATAFLOW,OECD.ELS.HD:DSD_HEALTH_STAT@DF_HEALTH_STATUS(1.0),Health status,I,AUS,Australia,A,Annual,AVM,Avoidable mortality,DT,Deaths,_T,Total,M,Male,_Z,Not applicable,_Z,Not applicable,_Z,Not applicable,_Z,Not applicable,_Z,Not applicable,_Z,Not applicable,_Z,Not applicable,2000,,24884,,,,,,,,,,,
DATAFLOW,OECD.ELS.HD:DSD_HEALTH_STAT@DF_HEALTH_STATUS(1.0),Health status,I,AUS,Australia,A,Annual,AVM,Avoidable mortality,DT,Deaths,_T,Total,M,Male,_Z,Not applicable,_Z,Not applicable,_Z,Not applicable,_Z,Not applicable,_Z,Not applicable,_Z,Not applicable,_Z,Not applicable,2001,,24175,,,,,,,,,,,
DATAFLOW,OECD.ELS.HD:DSD_HEALTH_STAT@DF_HEALTH_STATUS(1.0),Health status,I,AUS,Australia,A,Annual,AVM,Avoidable mortality,DT,Deaths,_T,Total,M,Male,_Z,Not applicable,_Z,Not applicable,_Z,Not applicable,_Z,Not applicable,_Z,Not applicable,_Z,Not applicable,_Z,Not applicable,2002,,23513,,,,,,,,,,,
DATAFLOW,OECD.ELS.HD:DSD_HEALTH_STAT@DF_HEALTH_STATUS(1.0),Health status,I,AUS,Australia,A,Annual,AVM,Avoidable mortality,DT,Deaths,_T,Total,M,Male,_Z,Not applicable,_Z,Not applicable,_Z,Not applicable,_Z,Not applicable,_Z,Not applicable,_Z,Not applicable,_Z,Not applicable,2003,,22867,,,,,,,,,,,
DATAFLOW,OECD.ELS.HD:DSD_HEALTH_STAT@DF_HEALTH_STATUS(1.0),Health status,I,AUS,Australia,A,Annual,AVM,Avoidable mortality,DT,Deaths,_T,Total,M,Male,_Z,Not applicable,_Z,Not applicable,_Z,Not applicable,_Z,Not applicable,_Z,Not applicable,_Z,Not applicable,_Z,Not applicable,2004,,22165,,,,,,,,,,,
DATAFLOW,OECD.ELS.HD:DSD_HEALTH_STAT@DF_HEALTH_STATUS(1.0),Health status,I,AUS,Australia,A,Annual,AVM,Avoidable mortality,DT,Deaths,_T,Total,M,Male,_Z,Not applicable,_Z,Not applicable,_Z,Not applicable,_Z,Not applicable,_Z,Not applicable,_Z,Not applicable,_Z,Not applicable,2006,,21231,,,,,,,,,,,
DATAFLOW,OECD.ELS.HD:DSD_HEALTH_STAT@DF_HEALTH_STATUS(1.0),Health status,I,AUS,Australia,A,Annual,AVM,Avoidable mortality,DT,Deaths,_T,Total,M,Male,_Z,Not applicable,_Z,Not applicable,_Z,Not applicable,_Z,Not applicable,_Z,Not applicable,_Z,Not applicable,_Z,Not applicable,2007,,21407,,,,,,,,,,,
DATAFLOW,OECD.ELS.HD:DSD_HEALTH_STAT@DF_HEALTH_STATUS(1.0),Health status,I,AUS,Australia,A,Annual,AVM,Avoidable mortality,DT,Deaths,_T,Total,M,Male,_Z,Not applicable,_Z,Not applicable,_Z,Not applicable,_Z,Not applicable,_Z,Not applicable,_Z,Not applicable,_Z,Not applicable,2008,,22030,,,,,,,,,,,
DATAFLOW,OECD.ELS.HD:DSD_HEALTH_STAT@DF_HEALTH_STATUS(1.0),Health status,I,AUS,Australia,A,Annual,AVM,Avoidable mortality,DT,Deaths,_T,Total,M,Male,_Z,Not applicable,_Z,Not applicable,_Z,Not applicable,_Z,Not applicable,_Z,Not applicable,_Z,Not applicable,_Z,Not applicable,2009,,22041,,,,,,,,,,,
DATAFLOW,OECD.ELS.HD:DSD_HEALTH_STAT@DF_HEALTH_STATUS(1.0),Health status,I,AUS,Australia,A,Annual,AVM,Avoidable mortality,DT,Deaths,_T,Total,M,Male,_Z,Not applicable,_Z,Not applicable,_Z,Not applicable,_Z,Not applicable,_Z,Not applicable,_Z,Not applicable,_Z,Not applicable,2010,,21830,,,,,,,,,,,
DATAFLOW,OECD.ELS.HD:DSD_HEALTH_STAT@DF_HEALTH_STATUS(1.0),Health status,I,AUS,Australia,A,Annual,AVM,Avoidable mortality,DT,Deaths,_T,Total,M,Male,_Z,Not applicable,_Z,Not applicable,_Z,Not applicable,_Z,Not applicable,_Z,Not applicable,_Z,Not applicable,_Z,Not applicable,2011,,21811,,,,,,,,,,,
DATAFLOW,OECD.ELS.HD:DSD_HEALTH_STAT@DF_HEALTH_STATUS(1.0),Health status,I,AUS,Australia,A,Annual,AVM,Avoidable mortality,DT,Deaths,_T,Total,M,Male,_Z,Not applicable,_Z,Not applicable,_Z,Not applicable,_Z,Not applicable,_Z,Not applicable,_Z,Not applicable,_Z,Not applicable,2012,,21412,,,,,,,,,,,
DATAFLOW,OECD.ELS.HD:DSD_HEALTH_STAT@DF_HEALTH_STATUS(1.0),Health status,I,AUS,Australia,A,Annual,AVM,Avoidable mortality,DT,Deaths,_T,Total,M,Male,_Z,Not applicable,_Z,Not applicable,_Z,Not applicable,_Z,Not applicable,_Z,Not applicable,_Z,Not applicable,_Z,Not applicable,2013,,22023,,,,,,,,,,,
DATAFLOW,OECD.ELS.HD:DSD_HEALTH_STAT@DF_HEALTH_STATUS(1.0),Health status,I,AUS,Australia,A,Annual,AVM,Avoidable mortality,DT,Deaths,_T,Total,M,Male,_Z,Not applicable,_Z,Not applicable,_Z,Not applicable,_Z,Not applicable,_Z,Not applicable,_Z,Not applicable,_Z,Not applicable,2014,,22595,,,,,,,,,,,
DATAFLOW,OECD.ELS.HD:DSD_HEALTH_STAT@DF_HEALTH_STATUS(1.0),Health status,I,AUS,Australia,A,Annual,AVM,Avoidable mortality,DT,Deaths,_T,Total,M,Male,_Z,Not applicable,_Z,Not applicable,_Z,Not applicable,_Z,Not applicable,_Z,Not applicable,_Z,Not applicable,_Z,Not applicable,2015,,23222,,,,,,,,,,,
DATAFLOW,OECD.ELS.HD:DSD_HEALTH_STAT@DF_HEALTH_STATUS(1.0),Health status,I,AUS,Australia,A,Annual,AVM,Avoidable mortality,DT,Deaths,_T,Total,M,Male,_Z,Not applicable,_Z,Not applicable,_Z,Not applicable,_Z,Not applicable,_Z,Not applicable,_Z,Not applicable,_Z,Not applicable,2016,,22893,,,,,,,,,,,
DATAFLOW,OECD.ELS.HD:DSD_HEALTH_STAT@DF_HEALTH_STATUS(1.0),Health status,I,AUS,Australia,A,Annual,AVM,Avoidable mortality,DT,Deaths,_T,Total,M,Male,_Z,Not applicable,_Z,Not applicable,_Z,Not applicable,_Z,Not applicable,_Z,Not applicable,_Z,Not applicable,_Z,Not applicable,2017,,23167,,,,,,,,,,,
DATAFLOW,OECD.ELS.HD:DSD_HEALTH_STAT@DF_HEALTH_STATUS(1.0),Health status,I,AUS,Australia,A,Annual,AVM,Avoidable mortality,DT,Deaths,_T,Total,M,Male,_Z,Not applicable,_Z,Not applicable,_Z,Not applicable,_Z,Not applicable,_Z,Not applicable,_Z,Not applicable,_Z,Not applicable,2018,,23251,,,,,,,,,,,
DATAFLOW,OECD.ELS.HD:DSD_HEALTH_STAT@DF_HEALTH_STATUS(1.0),Health status,I,AUS,Australia,A,Annual,AVM,Avoidable mortality,DT,Deaths,_T,Total,M,Male,_Z,Not applicable,_Z,Not applicable,_Z,Not applicable,_Z,Not applicable,_Z,Not applicable,_Z,Not applicable,_Z,Not applicable,2019,,24588,,,,,,,,,,,
DATAFLOW,OECD.ELS.HD:DSD_HEALTH_STAT@DF_HEALTH_STATUS(1.0),Health status,I,AUS,Australia,A,Annual,AVM,Avoidable mortality,DT,Deaths,_T,Total,M,Male,_Z,Not applicable,_Z,Not applicable,_Z,Not applicable,_Z,Not applicable,_Z,Not applicable,_Z,Not applicable,_Z,Not applicable,2020,,23249,,,,,,,,,,,
DATAFLOW,OECD.ELS.HD:DSD_HEALTH_STAT@DF_HEALTH_STATUS(1.0),Health status,I,AUS,Australia,A,Annual,AVM,Avoidable mortality,DT,Deaths,_T,Total,M,Male,_Z,Not applicable,_Z,Not applicable,_Z,Not applicable,_Z,Not applicable,_Z,Not applicable,_Z,Not applicable,_Z,Not applicable,2021,,23461,,,,,,,,,,,
DATAFLOW,OECD.ELS.HD:DSD_HEALTH_STAT@DF_HEALTH_STATUS(1.0),Health status,I,AUS,Australia,A,Annual,AVM,Avoidable mortality,DT,Deaths,_T,Total,M,Male,_Z,Not applicable,_Z,Not applicable,_Z,Not applicable,_Z,Not applicable,_Z,Not applicable,_Z,Not applicable,_Z,Not applicable,2022,,25172,,,,,,,,,,,
DATAFLOW,OECD.ELS.HD:DSD_HEALTH_STAT@DF_HEALTH_STATUS(1.0),Health status,I,AUS,Australia,A,Annual,PREVM,Preventable mortality,DT,Deaths,_T,Total,M,Male,_Z,Not applicable,_Z,Not applicable,_Z,Not applicable,_Z,Not applicable,_Z,Not applicable,_Z,Not applicable,_Z,Not applicable,2000,,17024,,,,,,,,,,,
DATAFLOW,OECD.ELS.HD:DSD_HEALTH_STAT@DF_HEALTH_STATUS(1.0),Health status,I,AUS,Australia,A,Annual,PREVM,Preventable mortality,DT,Deaths,_T,Total,M,Male,_Z,Not applicable,_Z,Not applicable,_Z,Not applicable,_Z,Not applicable,_Z,Not applicable,_Z,Not applicable,_Z,Not applicable,2001,,16519,,,,,,,,,,,
DATAFLOW,OECD.ELS.HD:DSD_HEALTH_STAT@DF_HEALTH_STATUS(1.0),Health status,I,AUS,Australia,A,Annual,PREVM,Preventable mortality,DT,Deaths,_T,Total,M,Male,_Z,Not applicable,_Z,Not applicable,_Z,Not applicable,_Z,Not applicable,_Z,Not applicable,_Z,Not applicable,_Z,Not applicable,2002,,16067,,,,,,,,,,,
DATAFLOW,OECD.ELS.HD:DSD_HEALTH_STAT@DF_HEALTH_STATUS(1.0),Health status,I,AUS,Australia,A,Annual,PREVM,Preventable mortality,DT,Deaths,_T,Total,M,Male,_Z,Not applicable,_Z,Not applicable,_Z,Not applicable,_Z,Not applicable,_Z,Not applicable,_Z,Not applicable,_Z,Not applicable,2003,,15557,,,,,,,,,,,
DATAFLOW,OECD.ELS.HD:DSD_HEALTH_STAT@DF_HEALTH_STATUS(1.0),Health status,I,AUS,Australia,A,Annual,PREVM,Preventable mortality,DT,Deaths,_T,Total,M,Male,_Z,Not applicable,_Z,Not applicable,_Z,Not applicable,_Z,Not applicable,_Z,Not applicable,_Z,Not applicable,_Z,Not applicable,2004,,15291.5,,,,,,,,,,,
DATAFLOW,OECD.ELS.HD:DSD_HEALTH_STAT@DF_HEALTH_STATUS(1.0),Health status,I,AUS,Australia,A,Annual,PREVM,Preventable mortality,DT,Deaths,_T,Total,M,Male,_Z,Not applicable,_Z,Not applicable,_Z,Not applicable,_Z,Not applicable,_Z,Not applicable,_Z,Not applicable,_Z,Not applicable,2006,,14665,,,,,,,,,,,
DATAFLOW,OECD.ELS.HD:DSD_HEALTH_STAT@DF_HEALTH_STATUS(1.0),Health status,I,AUS,Australia,A,Annual,PREVM,Preventable mortality,DT,Deaths,_T,Total,M,Male,_Z,Not applicable,_Z,Not applicable,_Z,Not applicable,_Z,Not applicable,_Z,Not applicable,_Z,Not applicable,_Z,Not applicable,2007,,14827.5,,,,,,,,,,,
DATAFLOW,OECD.ELS.HD:DSD_HEALTH_STAT@DF_HEALTH_STATUS(1.0),Health status,I,AUS,Australia,A,Annual,PREVM,Preventable mortality,DT,Deaths,_T,Total,M,Male,_Z,Not applicable,_Z,Not applicable,_Z,Not applicable,_Z,Not applicable,_Z,Not applicable,_Z,Not applicable,_Z,Not applicable,2008,,15491,,,,,,,,,,,
DATAFLOW,OECD.ELS.HD:DSD_HEALTH_STAT@DF_HEALTH_STATUS(1.0),Health status,I,AUS,Australia,A,Annual,PREVM,Preventable mortality,DT,Deaths,_T,Total,M,Male,_Z,Not applicable,_Z,Not applicable,_Z,Not applicable,_Z,Not applicable,_Z,Not applicable,_Z,Not applicable,_Z,Not applicable,2009,,15608,,,,,,,,,,,
DATAFLOW,OECD.ELS.HD:DSD_HEALTH_STAT@DF_HEALTH_STATUS(1.0),Health status,I,AUS,Australia,A,Annual,PREVM,Preventable mortality,DT,Deaths,_T,Total,M,Male,_Z,Not applicable,_Z,Not applicable,_Z,Not applicable,_Z,Not applicable,_Z,Not applicable,_Z,Not applicable,_Z,Not applicable,2010,,15447,,,,,,,,,,,
DATAFLOW,OECD.ELS.HD:DSD_HEALTH_STAT@DF_HEALTH_STATUS(1.0),Health status,I,AUS,Australia,A,Annual,PREVM,Preventable mortality,DT,Deaths,_T,Total,M,Male,_Z,Not applicable,_Z,Not applicable,_Z,Not applicable,_Z,Not applicable,_Z,Not applicable,_Z,Not applicable,_Z,Not applicable,2011,,15478,,,,,,,,,,,
DATAFLOW,OECD.ELS.HD:DSD_HEALTH_STAT@DF_HEALTH_STATUS(1.0),Health status,I,AUS,Australia,A,Annual,PREVM,Preventable mortality,DT,Deaths,_T,Total,M,Male,_Z,Not applicable,_Z,Not applicable,_Z,Not applicable,_Z,Not applicable,_Z,Not applicable,_Z,Not applicable,_Z,Not applicable,2012,,15230.5,,,,,,,,,,,
DATAFLOW,OECD.ELS.HD:DSD_HEALTH_STAT@DF_HEALTH_STATUS(1.0),Health status,I,AUS,Australia,A,Annual,PREVM,Preventable mortality,DT,Deaths,_T,Total,M,Male,_Z,Not applicable,_Z,Not applicable,_Z,Not applicable,_Z,Not applicable,_Z,Not applicable,_Z,Not applicable,_Z,Not applicable,2013,,15756.5,,,,,,,,,,,
DATAFLOW,OECD.ELS.HD:DSD_HEALTH_STAT@DF_HEALTH_STATUS(1.0),Health status,I,AUS,Australia,A,Annual,PREVM,Preventable mortality,DT,Deaths,_T,Total,M,Male,_Z,Not applicable,_Z,Not applicable,_Z,Not applicable,_Z,Not applicable,_Z,Not applicable,_Z,Not applicable,_Z,Not applicable,2014,,16251,,,,,,,,,,,
DATAFLOW,OECD.ELS.HD:DSD_HEALTH_STAT@DF_HEALTH_STATUS(1.0),Health status,I,AUS,Australia,A,Annual,PREVM,Preventable mortality,DT,Deaths,_T,Total,M,Male,_Z,Not applicable,_Z,Not applicable,_Z,Not applicable,_Z,Not applicable,_Z,Not applicable,_Z,Not applicable,_Z,Not applicable,2015,,16670.5,,,,,,,,,,,
DATAFLOW,OECD.ELS.HD:DSD_HEALTH_STAT@DF_HEALTH_STATUS(1.0),Health status,I,AUS,Australia,A,Annual,PREVM,Preventable mortality,DT,Deaths,_T,Total,M,Male,_Z,Not applicable,_Z,Not applicable,_Z,Not applicable,_Z,Not applicable,_Z,Not applicable,_Z,Not applicable,_Z,Not applicable,2016,,16447.5,,,,,,,,,,,
DATAFLOW,OECD.ELS.HD:DSD_HEALTH_STAT@DF_HEALTH_STATUS(1.0),Health status,I,AUS,Australia,A,Annual,PREVM,Preventable mortality,DT,Deaths,_T,Total,M,Male,_Z,Not applicable,_Z,Not applicable,_Z,Not applicable,_Z,Not applicable,_Z,Not applicable,_Z,Not applicable,_Z,Not applicable,2017,,16727,,,,,,,,,,,
DATAFLOW,OECD.ELS.HD:DSD_HEALTH_STAT@DF_HEALTH_STATUS(1.0),Health status,I,AUS,Australia,A,Annual,PREVM,Preventable mortality,DT,Deaths,_T,Total,M,Male,_Z,Not applicable,_Z,Not applicable,_Z,Not applicable,_Z,Not applicable,_Z,Not applicable,_Z,Not applicable,_Z,Not applicable,2018,,16847.5,,,,,,,,,,,
DATAFLOW,OECD.ELS.HD:DSD_HEALTH_STAT@DF_HEALTH_STATUS(1.0),Health status,I,AUS,Australia,A,Annual,PREVM,Preventable mortality,DT,Deaths,_T,Total,M,Male,_Z,Not applicable,_Z,Not applicable,_Z,Not applicable,_Z,Not applicable,_Z,Not applicable,_Z,Not applicable,_Z,Not applicable,2019,,17785.5,,,,,,,,,,,
DATAFLOW,OECD.ELS.HD:DSD_HEALTH_STAT@DF_HEALTH_STATUS(1.0),Health status,I,AUS,Australia,A,Annual,PREVM,Preventable mortality,DT,Deaths,_T,Total,M,Male,_Z,Not applicable,_Z,Not applicable,_Z,Not applicable,_Z,Not applicable,_Z,Not applicable,_Z,Not applicable,_Z,Not applicable,2020,,16854,,,,,,,,,,,
DATAFLOW,OECD.ELS.HD:DSD_HEALTH_STAT@DF_HEALTH_STATUS(1.0),Health status,I,AUS,Australia,A,Annual,PREVM,Preventable mortality,DT,Deaths,_T,Total,M,Male,_Z,Not applicable,_Z,Not applicable,_Z,Not applicable,_Z,Not applicable,_Z,Not applicable,_Z,Not applicable,_Z,Not applicable,2021,,17016,,,,,,,,,,,
DATAFLOW,OECD.ELS.HD:DSD_HEALTH_STAT@DF_HEALTH_STATUS(1.0),Health status,I,AUS,Australia,A,Annual,PREVM,Preventable mortality,DT,Deaths,_T,Total,M,Male,_Z,Not applicable,_Z,Not applicable,_Z,Not applicable,_Z,Not applicable,_Z,Not applicable,_Z,Not applicable,_Z,Not applicable,2022,,18482.5,,,,,,,,,,,
DATAFLOW,OECD.ELS.HD:DSD_HEALTH_STAT@DF_HEALTH_STATUS(1.0),Health status,I,AUS,Australia,A,Annual,PREVM,Preventable mortality,DT,Deaths,_T,Total,_T,Total,_Z,Not applicable,_Z,Not applicable,_Z,Not applicable,_Z,Not applicable,_Z,Not applicable,_Z,Not applicable,_Z,Not applicable,2000,,24198.5,,,,,,,,,,,
DATAFLOW,OECD.ELS.HD:DSD_HEALTH_STAT@DF_HEALTH_STATUS(1.0),Health status,I,AUS,Australia,A,Annual,PREVM,Preventable mortality,DT,Deaths,_T,Total,_T,Total,_Z,Not applicable,_Z,Not applicable,_Z,Not applicable,_Z,Not applicable,_Z,Not applicable,_Z,Not applicable,_Z,Not applicable,2001,,23407,,,,,,,,,,,
DATAFLOW,OECD.ELS.HD:DSD_HEALTH_STAT@DF_HEALTH_STATUS(1.0),Health status,I,AUS,Australia,A,Annual,PREVM,Preventable mortality,DT,Deaths,_T,Total,_T,Total,_Z,Not applicable,_Z,Not applicable,_Z,Not applicable,_Z,Not applicable,_Z,Not applicable,_Z,Not applicable,_Z,Not applicable,2002,,22894,,,,,,,,,,,
DATAFLOW,OECD.ELS.HD:DSD_HEALTH_STAT@DF_HEALTH_STATUS(1.0),Health status,I,AUS,Australia,A,Annual,PREVM,Preventable mortality,DT,Deaths,_T,Total,_T,Total,_Z,Not applicable,_Z,Not applicable,_Z,Not applicable,_Z,Not applicable,_Z,Not applicable,_Z,Not applicable,_Z,Not applicable,2003,,22042,,,,,,,,,,,
DATAFLOW,OECD.ELS.HD:DSD_HEALTH_STAT@DF_HEALTH_STATUS(1.0),Health status,I,AUS,Australia,A,Annual,PREVM,Preventable mortality,DT,Deaths,_T,Total,_T,Total,_Z,Not applicable,_Z,Not applicable,_Z,Not applicable,_Z,Not applicable,_Z,Not applicable,_Z,Not applicable,_Z,Not applicable,2004,,21688,,,,,,,,,,,
DATAFLOW,OECD.ELS.HD:DSD_HEALTH_STAT@DF_HEALTH_STATUS(1.0),Health status,I,AUS,Australia,A,Annual,PREVM,Preventable mortality,DT,Deaths,_T,Total,_T,Total,_Z,Not applicable,_Z,Not applicable,_Z,Not applicable,_Z,Not applicable,_Z,Not applicable,_Z,Not applicable,_Z,Not applicable,2006,,21039,,,,,,,,,,,
DATAFLOW,OECD.ELS.HD:DSD_HEALTH_STAT@DF_HEALTH_STATUS(1.0),Health status,I,AUS,Australia,A,Annual,PREVM,Preventable mortality,DT,Deaths,_T,Total,_T,Total,_Z,Not applicable,_Z,Not applicable,_Z,Not applicable,_Z,Not applicable,_Z,Not applicable,_Z,Not applicable,_Z,Not applicable,2007,,21454.5,,,,,,,,,,,
DATAFLOW,OECD.ELS.HD:DSD_HEALTH_STAT@DF_HEALTH_STATUS(1.0),Health status,I,AUS,Australia,A,Annual,PREVM,Preventable mortality,DT,Deaths,_T,Total,_T,Total,_Z,Not applicable,_Z,Not applicable,_Z,Not applicable,_Z,Not applicable,_Z,Not applicable,_Z,Not applicable,_Z,Not applicable,2008,,22242.5,,,,,,,,,,,
DATAFLOW,OECD.ELS.HD:DSD_HEALTH_STAT@DF_HEALTH_STATUS(1.0),Health status,I,AUS,Australia,A,Annual,PREVM,Preventable mortality,DT,Deaths,_T,Total,_T,Total,_Z,Not applicable,_Z,Not applicable,_Z,Not applicable,_Z,Not applicable,_Z,Not applicable,_Z,Not applicable,_Z,Not applicable,2009,,22556.5,,,,,,,,,,,
DATAFLOW,OECD.ELS.HD:DSD_HEALTH_STAT@DF_HEALTH_STATUS(1.0),Health status,I,AUS,Australia,A,Annual,PREVM,Preventable mortality,DT,Deaths,_T,Total,_T,Total,_Z,Not applicable,_Z,Not applicable,_Z,Not applicable,_Z,Not applicable,_Z,Not applicable,_Z,Not applicable,_Z,Not applicable,2010,,22338.5,,,,,,,,,,,
DATAFLOW,OECD.ELS.HD:DSD_HEALTH_STAT@DF_HEALTH_STATUS(1.0),Health status,I,AUS,Australia,A,Annual,PREVM,Preventable mortality,DT,Deaths,_T,Total,_T,Total,_Z,Not applicable,_Z,Not applicable,_Z,Not applicable,_Z,Not applicable,_Z,Not applicable,_Z,Not applicable,_Z,Not applicable,2011,,22486.5,,,,,,,,,,,
DATAFLOW,OECD.ELS.HD:DSD_HEALTH_STAT@DF_HEALTH_STATUS(1.0),Health status,I,AUS,Australia,A,Annual,PREVM,Preventable mortality,DT,Deaths,_T,Total,_T,Total,_Z,Not applicable,_Z,Not applicable,_Z,Not applicable,_Z,Not applicable,_Z,Not applicable,_Z,Not applicable,_Z,Not applicable,2012,,22264.5,,,,,,,,,,,
DATAFLOW,OECD.ELS.HD:DSD_HEALTH_STAT@DF_HEALTH_STATUS(1.0),Health status,I,AUS,Australia,A,Annual,PREVM,Preventable mortality,DT,Deaths,_T,Total,_T,Total,_Z,Not applicable,_Z,Not applicable,_Z,Not applicable,_Z,Not applicable,_Z,Not applicable,_Z,Not applicable,_Z,Not applicable,2013,,22913.5,,,,,,,,,,,
DATAFLOW,OECD.ELS.HD:DSD_HEALTH_STAT@DF_HEALTH_STATUS(1.0),Health status,I,AUS,Australia,A,Annual,PREVM,Preventable mortality,DT,Deaths,_T,Total,_T,Total,_Z,Not applicable,_Z,Not applicable,_Z,Not applicable,_Z,Not applicable,_Z,Not applicable,_Z,Not applicable,_Z,Not applicable,2014,,23798,,,,,,,,,,,
DATAFLOW,OECD.ELS.HD:DSD_HEALTH_STAT@DF_HEALTH_STATUS(1.0),Health status,I,AUS,Australia,A,Annual,PREVM,Preventable mortality,DT,Deaths,_T,Total,_T,Total,_Z,Not applicable,_Z,Not applicable,_Z,Not applicable,_Z,Not applicable,_Z,Not applicable,_Z,Not applicable,_Z,Not applicable,2015,,24592,,,,,,,,,,,
DATAFLOW,OECD.ELS.HD:DSD_HEALTH_STAT@DF_HEALTH_STATUS(1.0),Health status,I,AUS,Australia,A,Annual,PREVM,Preventable mortality,DT,Deaths,_T,Total,_T,Total,_Z,Not applicable,_Z,Not applicable,_Z,Not applicable,_Z,Not applicable,_Z,Not applicable,_Z,Not applicable,_Z,Not applicable,2016,,24107.5,,,,,,,,,,,
DATAFLOW,OECD.ELS.HD:DSD_HEALTH_STAT@DF_HEALTH_STATUS(1.0),Health status,I,AUS,Australia,A,Annual,PREVM,Preventable mortality,DT,Deaths,_T,Total,_T,Total,_Z,Not applicable,_Z,Not applicable,_Z,Not applicable,_Z,Not applicable,_Z,Not applicable,_Z,Not applicable,_Z,Not applicable,2017,,24760.5,,,,,,,,,,,
DATAFLOW,OECD.ELS.HD:DSD_HEALTH_STAT@DF_HEALTH_STATUS(1.0),Health status,I,AUS,Australia,A,Annual,PREVM,Preventable mortality,DT,Deaths,_T,Total,_T,Total,_Z,Not applicable,_Z,Not applicable,_Z,Not applicable,_Z,Not applicable,_Z,Not applicable,_Z,Not applicable,_Z,Not applicable,2018,,24812,,,,,,,,,,,
DATAFLOW,OECD.ELS.HD:DSD_HEALTH_STAT@DF_HEALTH_STATUS(1.0),Health status,I,AUS,Australia,A,Annual,PREVM,Preventable mortality,DT,Deaths,_T,Total,_T,Total,_Z,Not applicable,_Z,Not applicable,_Z,Not applicable,_Z,Not applicable,_Z,Not applicable,_Z,Not applicable,_Z,Not applicable,2019,,26088,,,,,,,,,,,
DATAFLOW,OECD.ELS.HD:DSD_HEALTH_STAT@DF_HEALTH_STATUS(1.0),Health status,I,AUS,Australia,A,Annual,PREVM,Preventable mortality,DT,Deaths,_T,Total,_T,Total,_Z,Not applicable,_Z,Not applicable,_Z,Not applicable,_Z,Not applicable,_Z,Not applicable,_Z,Not applicable,_Z,Not applicable,2020,,24767.5,,,,,,,,,,,
DATAFLOW,OECD.ELS.HD:DSD_HEALTH_STAT@DF_HEALTH_STATUS(1.0),Health status,I,AUS,Australia,A,Annual,PREVM,Preventable mortality,DT,Deaths,_T,Total,_T,Total,_Z,Not applicable,_Z,Not applicable,_Z,Not applicable,_Z,Not applicable,_Z,Not applicable,_Z,Not applicable,_Z,Not applicable,2021,,25354.5,,,,,,,,,,,
DATAFLOW,OECD.ELS.HD:DSD_HEALTH_STAT@DF_HEALTH_STATUS(1.0),Health status,I,AUS,Australia,A,Annual,PREVM,Preventable mortality,DT,Deaths,_T,Total,_T,Total,_Z,Not applicable,_Z,Not applicable,_Z,Not applicable,_Z,Not applicable,_Z,Not applicable,_Z,Not applicable,_Z,Not applicable,2022,,27671.5,,,,,,,,,,,
DATAFLOW,OECD.ELS.HD:DSD_HEALTH_STAT@DF_HEALTH_STATUS(1.0),Health status,I,AUS,Australia,A,Annual,TRTM,Treatable mortality,DT,Deaths,_T,Total,_T,Total,_Z,Not applicable,_Z,Not applicable,_Z,Not applicable,_Z,Not applicable,_Z,Not applicable,_Z,Not applicable,_Z,Not applicable,2000,,14337,,,,,,,,,,,
DATAFLOW,OECD.ELS.HD:DSD_HEALTH_STAT@DF_HEALTH_STATUS(1.0),Health status,I,AUS,Australia,A,Annual,TRTM,Treatable mortality,DT,Deaths,_T,Total,_T,Total,_Z,Not applicable,_Z,Not applicable,_Z,Not applicable,_Z,Not applicable,_Z,Not applicable,_Z,Not applicable,_Z,Not applicable,2001,,13985,,,,,,,,,,,
DATAFLOW,OECD.ELS.HD:DSD_HEALTH_STAT@DF_HEALTH_STATUS(1.0),Health status,I,AUS,Australia,A,Annual,TRTM,Treatable mortality,DT,Deaths,_T,Total,_T,Total,_Z,Not applicable,_Z,Not applicable,_Z,Not applicable,_Z,Not applicable,_Z,Not applicable,_Z,Not applicable,_Z,Not applicable,2002,,13824,,,,,,,,,,,
DATAFLOW,OECD.ELS.HD:DSD_HEALTH_STAT@DF_HEALTH_STATUS(1.0),Health status,I,AUS,Australia,A,Annual,TRTM,Treatable mortality,DT,Deaths,_T,Total,_T,Total,_Z,Not applicable,_Z,Not applicable,_Z,Not applicable,_Z,Not applicable,_Z,Not applicable,_Z,Not applicable,_Z,Not applicable,2003,,13416,,,,,,,,,,,
DATAFLOW,OECD.ELS.HD:DSD_HEALTH_STAT@DF_HEALTH_STATUS(1.0),Health status,I,AUS,Australia,A,Annual,TRTM,Treatable mortality,DT,Deaths,_T,Total,_T,Total,_Z,Not applicable,_Z,Not applicable,_Z,Not applicable,_Z,Not applicable,_Z,Not applicable,_Z,Not applicable,_Z,Not applicable,2004,,12758,,,,,,,,,,,
DATAFLOW,OECD.ELS.HD:DSD_HEALTH_STAT@DF_HEALTH_STATUS(1.0),Health status,I,AUS,Australia,A,Annual,TRTM,Treatable mortality,DT,Deaths,_T,Total,_T,Total,_Z,Not applicable,_Z,Not applicable,_Z,Not applicable,_Z,Not applicable,_Z,Not applicable,_Z,Not applicable,_Z,Not applicable,2006,,12154,,,,,,,,,,,
DATAFLOW,OECD.ELS.HD:DSD_HEALTH_STAT@DF_HEALTH_STATUS(1.0),Health status,I,AUS,Australia,A,Annual,TRTM,Treatable mortality,DT,Deaths,_T,Total,_T,Total,_Z,Not applicable,_Z,Not applicable,_Z,Not applicable,_Z,Not applicable,_Z,Not applicable,_Z,Not applicable,_Z,Not applicable,2007,,12277,,,,,,,,,,,
DATAFLOW,OECD.ELS.HD:DSD_HEALTH_STAT@DF_HEALTH_STATUS(1.0),Health status,I,AUS,Australia,A,Annual,TRTM,Treatable mortality,DT,Deaths,_T,Total,_T,Total,_Z,Not applicable,_Z,Not applicable,_Z,Not applicable,_Z,Not applicable,_Z,Not applicable,_Z,Not applicable,_Z,Not applicable,2008,,12380,,,,,,,,,,,
DATAFLOW,OECD.ELS.HD:DSD_HEALTH_STAT@DF_HEALTH_STATUS(1.0),Health status,I,AUS,Australia,A,Annual,TRTM,Treatable mortality,DT,Deaths,_T,Total,_T,Total,_Z,Not applicable,_Z,Not applicable,_Z,Not applicable,_Z,Not applicable,_Z,Not applicable,_Z,Not applicable,_Z,Not applicable,2009,,12251,,,,,,,,,,,
DATAFLOW,OECD.ELS.HD:DSD_HEALTH_STAT@DF_HEALTH_STATUS(1.0),Health status,I,AUS,Australia,A,Annual,TRTM,Treatable mortality,DT,Deaths,_T,Total,_T,Total,_Z,Not applicable,_Z,Not applicable,_Z,Not applicable,_Z,Not applicable,_Z,Not applicable,_Z,Not applicable,_Z,Not applicable,2010,,12061,,,,,,,,,,,
DATAFLOW,OECD.ELS.HD:DSD_HEALTH_STAT@DF_HEALTH_STATUS(1.0),Health status,I,AUS,Australia,A,Annual,TRTM,Treatable mortality,DT,Deaths,_T,Total,_T,Total,_Z,Not applicable,_Z,Not applicable,_Z,Not applicable,_Z,Not applicable,_Z,Not applicable,_Z,Not applicable,_Z,Not applicable,2011,,12096,,,,,,,,,,,
DATAFLOW,OECD.ELS.HD:DSD_HEALTH_STAT@DF_HEALTH_STATUS(1.0),Health status,I,AUS,Australia,A,Annual,TRTM,Treatable mortality,DT,Deaths,_T,Total,_T,Total,_Z,Not applicable,_Z,Not applicable,_Z,Not applicable,_Z,Not applicable,_Z,Not applicable,_Z,Not applicable,_Z,Not applicable,2012,,11798,,,,,,,,,,,
DATAFLOW,OECD.ELS.HD:DSD_HEALTH_STAT@DF_HEALTH_STATUS(1.0),Health status,I,AUS,Australia,A,Annual,TRTM,Treatable mortality,DT,Deaths,_T,Total,_T,Total,_Z,Not applicable,_Z,Not applicable,_Z,Not applicable,_Z,Not applicable,_Z,Not applicable,_Z,Not applicable,_Z,Not applicable,2013,,11927,,,,,,,,,,,
DATAFLOW,OECD.ELS.HD:DSD_HEALTH_STAT@DF_HEALTH_STATUS(1.0),Health status,I,AUS,Australia,A,Annual,TRTM,Treatable mortality,DT,Deaths,_T,Total,_T,Total,_Z,Not applicable,_Z,Not applicable,_Z,Not applicable,_Z,Not applicable,_Z,Not applicable,_Z,Not applicable,_Z,Not applicable,2014,,12155,,,,,,,,,,,
DATAFLOW,OECD.ELS.HD:DSD_HEALTH_STAT@DF_HEALTH_STATUS(1.0),Health status,I,AUS,Australia,A,Annual,TRTM,Treatable mortality,DT,Deaths,_T,Total,_T,Total,_Z,Not applicable,_Z,Not applicable,_Z,Not applicable,_Z,Not applicable,_Z,Not applicable,_Z,Not applicable,_Z,Not applicable,2015,,12389,,,,,,,,,,,
DATAFLOW,OECD.ELS.HD:DSD_HEALTH_STAT@DF_HEALTH_STATUS(1.0),Health status,I,AUS,Australia,A,Annual,TRTM,Treatable mortality,DT,Deaths,_T,Total,_T,Total,_Z,Not applicable,_Z,Not applicable,_Z,Not applicable,_Z,Not applicable,_Z,Not applicable,_Z,Not applicable,_Z,Not applicable,2016,,12352,,,,,,,,,,,
DATAFLOW,OECD.ELS.HD:DSD_HEALTH_STAT@DF_HEALTH_STATUS(1.0),Health status,I,AUS,Australia,A,Annual,TRTM,Treatable mortality,DT,Deaths,_T,Total,_T,Total,_Z,Not applicable,_Z,Not applicable,_Z,Not applicable,_Z,Not applicable,_Z,Not applicable,_Z,Not applicable,_Z,Not applicable,2017,,12205,,,,,,,,,,,
DATAFLOW,OECD.ELS.HD:DSD_HEALTH_STAT@DF_HEALTH_STATUS(1.0),Health status,I,AUS,Australia,A,Annual,TRTM,Treatable mortality,DT,Deaths,_T,Total,_T,Total,_Z,Not applicable,_Z,Not applicable,_Z,Not applicable,_Z,Not applicable,_Z,Not applicable,_Z,Not applicable,_Z,Not applicable,2018,,12146,,,,,,,,,,,
DATAFLOW,OECD.ELS.HD:DSD_HEALTH_STAT@DF_HEALTH_STATUS(1.0),Health status,I,AUS,Australia,A,Annual,TRTM,Treatable mortality,DT,Deaths,_T,Total,_T,Total,_Z,Not applicable,_Z,Not applicable,_Z,Not applicable,_Z,Not applicable,_Z,Not applicable,_Z,Not applicable,_Z,Not applicable,2019,,12905,,,,,,,,,,,
DATAFLOW,OECD.ELS.HD:DSD_HEALTH_STAT@DF_HEALTH_STATUS(1.0),Health status,I,AUS,Australia,A,Annual,TRTM,Treatable mortality,DT,Deaths,_T,Total,_T,Total,_Z,Not applicable,_Z,Not applicable,_Z,Not applicable,_Z,Not applicable,_Z,Not applicable,_Z,Not applicable,_Z,Not applicable,2020,,12275,,,,,,,,,,,
DATAFLOW,OECD.ELS.HD:DSD_HEALTH_STAT@DF_HEALTH_STATUS(1.0),Health status,I,AUS,Australia,A,Annual,TRTM,Treatable mortality,DT,Deaths,_T,Total,_T,Total,_Z,Not applicable,_Z,Not applicable,_Z,Not applicable,_Z,Not applicable,_Z,Not applicable,_Z,Not applicable,_Z,Not applicable,2021,,12339,,,,,,,,,,,
DATAFLOW,OECD.ELS.HD:DSD_HEALTH_STAT@DF_HEALTH_STATUS(1.0),Health status,I,AUS,Australia,A,Annual,TRTM,Treatable mortality,DT,Deaths,_T,Total,_T,Total,_Z,Not applicable,_Z,Not applicable,_Z,Not applicable,_Z,Not applicable,_Z,Not applicable,_Z,Not applicable,_Z,Not applicable,2022,,12779,,,,,,,,,,,
DATAFLOW,OECD.ELS.HD:DSD_HEALTH_STAT@DF_HEALTH_STATUS(1.0),Health status,I,AUS,Australia,A,Annual,PREVM,Preventable mortality,DT,Deaths,_T,Total,F,Female,_Z,Not applicable,_Z,Not applicable,_Z,Not applicable,_Z,Not applicable,_Z,Not applicable,_Z,Not applicable,_Z,Not applicable,2000,,7174.5,,,,,,,,,,,
DATAFLOW,OECD.ELS.HD:DSD_HEALTH_STAT@DF_HEALTH_STATUS(1.0),Health status,I,AUS,Australia,A,Annual,PREVM,Preventable mortality,DT,Deaths,_T,Total,F,Female,_Z,Not applicable,_Z,Not applicable,_Z,Not applicable,_Z,Not applicable,_Z,Not applicable,_Z,Not applicable,_Z,Not applicable,2001,,6888,,,,,,,,,,,
DATAFLOW,OECD.ELS.HD:DSD_HEALTH_STAT@DF_HEALTH_STATUS(1.0),Health status,I,AUS,Australia,A,Annual,PREVM,Preventable mortality,DT,Deaths,_T,Total,F,Female,_Z,Not applicable,_Z,Not applicable,_Z,Not applicable,_Z,Not applicable,_Z,Not applicable,_Z,Not applicable,_Z,Not applicable,2002,,6827,,,,,,,,,,,
DATAFLOW,OECD.ELS.HD:DSD_HEALTH_STAT@DF_HEALTH_STATUS(1.0),Health status,I,AUS,Australia,A,Annual,PREVM,Preventable mortality,DT,Deaths,_T,Total,F,Female,_Z,Not applicable,_Z,Not applicable,_Z,Not applicable,_Z,Not applicable,_Z,Not applicable,_Z,Not applicable,_Z,Not applicable,2003,,6485,,,,,,,,,,,
DATAFLOW,OECD.ELS.HD:DSD_HEALTH_STAT@DF_HEALTH_STATUS(1.0),Health status,I,AUS,Australia,A,Annual,PREVM,Preventable mortality,DT,Deaths,_T,Total,F,Female,_Z,Not applicable,_Z,Not applicable,_Z,Not applicable,_Z,Not applicable,_Z,Not applicable,_Z,Not applicable,_Z,Not applicable,2004,,6396.5,,,,,,,,,,,
DATAFLOW,OECD.ELS.HD:DSD_HEALTH_STAT@DF_HEALTH_STATUS(1.0),Health status,I,AUS,Australia,A,Annual,PREVM,Preventable mortality,DT,Deaths,_T,Total,F,Female,_Z,Not applicable,_Z,Not applicable,_Z,Not applicable,_Z,Not applicable,_Z,Not applicable,_Z,Not applicable,_Z,Not applicable,2006,,6374,,,,,,,,,,,
DATAFLOW,OECD.ELS.HD:DSD_HEALTH_STAT@DF_HEALTH_STATUS(1.0),Health status,I,AUS,Australia,A,Annual,PREVM,Preventable mortality,DT,Deaths,_T,Total,F,Female,_Z,Not applicable,_Z,Not applicable,_Z,Not applicable,_Z,Not applicable,_Z,Not applicable,_Z,Not applicable,_Z,Not applicable,2007,,6627,,,,,,,,,,,
DATAFLOW,OECD.ELS.HD:DSD_HEALTH_STAT@DF_HEALTH_STATUS(1.0),Health status,I,AUS,Australia,A,Annual,PREVM,Preventable mortality,DT,Deaths,_T,Total,F,Female,_Z,Not applicable,_Z,Not applicable,_Z,Not applicable,_Z,Not applicable,_Z,Not applicable,_Z,Not applicable,_Z,Not applicable,2008,,6751.5,,,,,,,,,,,
DATAFLOW,OECD.ELS.HD:DSD_HEALTH_STAT@DF_HEALTH_STATUS(1.0),Health status,I,AUS,Australia,A,Annual,PREVM,Preventable mortality,DT,Deaths,_T,Total,F,Female,_Z,Not applicable,_Z,Not applicable,_Z,Not applicable,_Z,Not applicable,_Z,Not applicable,_Z,Not applicable,_Z,Not applicable,2009,,6948.5,,,,,,,,,,,
DATAFLOW,OECD.ELS.HD:DSD_HEALTH_STAT@DF_HEALTH_STATUS(1.0),Health status,I,AUS,Australia,A,Annual,PREVM,Preventable mortality,DT,Deaths,_T,Total,F,Female,_Z,Not applicable,_Z,Not applicable,_Z,Not applicable,_Z,Not applicable,_Z,Not applicable,_Z,Not applicable,_Z,Not applicable,2010,,6891.5,,,,,,,,,,,
DATAFLOW,OECD.ELS.HD:DSD_HEALTH_STAT@DF_HEALTH_STATUS(1.0),Health status,I,AUS,Australia,A,Annual,PREVM,Preventable mortality,DT,Deaths,_T,Total,F,Female,_Z,Not applicable,_Z,Not applicable,_Z,Not applicable,_Z,Not applicable,_Z,Not applicable,_Z,Not applicable,_Z,Not applicable,2011,,7008.5,,,,,,,,,,,
DATAFLOW,OECD.ELS.HD:DSD_HEALTH_STAT@DF_HEALTH_STATUS(1.0),Health status,I,AUS,Australia,A,Annual,PREVM,Preventable mortality,DT,Deaths,_T,Total,F,Female,_Z,Not applicable,_Z,Not applicable,_Z,Not applicable,_Z,Not applicable,_Z,Not applicable,_Z,Not applicable,_Z,Not applicable,2012,,7034,,,,,,,,,,,
DATAFLOW,OECD.ELS.HD:DSD_HEALTH_STAT@DF_HEALTH_STATUS(1.0),Health status,I,AUS,Australia,A,Annual,PREVM,Preventable mortality,DT,Deaths,_T,Total,F,Female,_Z,Not applicable,_Z,Not applicable,_Z,Not applicable,_Z,Not applicable,_Z,Not applicable,_Z,Not applicable,_Z,Not applicable,2013,,7157,,,,,,,,,,,
DATAFLOW,OECD.ELS.HD:DSD_HEALTH_STAT@DF_HEALTH_STATUS(1.0),Health status,I,AUS,Australia,A,Annual,PREVM,Preventable mortality,DT,Deaths,_T,Total,F,Female,_Z,Not applicable,_Z,Not applicable,_Z,Not applicable,_Z,Not applicable,_Z,Not applicable,_Z,Not applicable,_Z,Not applicable,2014,,7547,,,,,,,,,,,
DATAFLOW,OECD.ELS.HD:DSD_HEALTH_STAT@DF_HEALTH_STATUS(1.0),Health status,I,AUS,Australia,A,Annual,PREVM,Preventable mortality,DT,Deaths,_T,Total,F,Female,_Z,Not applicable,_Z,Not applicable,_Z,Not applicable,_Z,Not applicable,_Z,Not applicable,_Z,Not applicable,_Z,Not applicable,2015,,7921.5,,,,,,,,,,,
DATAFLOW,OECD.ELS.HD:DSD_HEALTH_STAT@DF_HEALTH_STATUS(1.0),Health status,I,AUS,Australia,A,Annual,PREVM,Preventable mortality,DT,Deaths,_T,Total,F,Female,_Z,Not applicable,_Z,Not applicable,_Z,Not applicable,_Z,Not applicable,_Z,Not applicable,_Z,Not applicable,_Z,Not applicable,2016,,7660,,,,,,,,,,,
DATAFLOW,OECD.ELS.HD:DSD_HEALTH_STAT@DF_HEALTH_STATUS(1.0),Health status,I,AUS,Australia,A,Annual,PREVM,Preventable mortality,DT,Deaths,_T,Total,F,Female,_Z,Not applicable,_Z,Not applicable,_Z,Not applicable,_Z,Not applicable,_Z,Not applicable,_Z,Not applicable,_Z,Not applicable,2017,,8033.5,,,,,,,,,,,
DATAFLOW,OECD.ELS.HD:DSD_HEALTH_STAT@DF_HEALTH_STATUS(1.0),Health status,I,AUS,Australia,A,Annual,PREVM,Preventable mortality,DT,Deaths,_T,Total,F,Female,_Z,Not applicable,_Z,Not applicable,_Z,Not applicable,_Z,Not applicable,_Z,Not applicable,_Z,Not applicable,_Z,Not applicable,2018,,7964.5,,,,,,,,,,,
DATAFLOW,OECD.ELS.HD:DSD_HEALTH_STAT@DF_HEALTH_STATUS(1.0),Health status,I,AUS,Australia,A,Annual,PREVM,Preventable mortality,DT,Deaths,_T,Total,F,Female,_Z,Not applicable,_Z,Not applicable,_Z,Not applicable,_Z,Not applicable,_Z,Not applicable,_Z,Not applicable,_Z,Not applicable,2019,,8302.5,,,,,,,,,,,
DATAFLOW,OECD.ELS.HD:DSD_HEALTH_STAT@DF_HEALTH_STATUS(1.0),Health status,I,AUS,Australia,A,Annual,PREVM,Preventable mortality,DT,Deaths,_T,Total,F,Female,_Z,Not applicable,_Z,Not applicable,_Z,Not applicable,_Z,Not applicable,_Z,Not applicable,_Z,Not applicable,_Z,Not applicable,2020,,7913.5,,,,,,,,,,,
DATAFLOW,OECD.ELS.HD:DSD_HEALTH_STAT@DF_HEALTH_STATUS(1.0),Health status,I,AUS,Australia,A,Annual,PREVM,Preventable mortality,DT,Deaths,_T,Total,F,Female,_Z,Not applicable,_Z,Not applicable,_Z,Not applicable,_Z,Not applicable,_Z,Not applicable,_Z,Not applicable,_Z,Not applicable,2021,,8338.5,,,,,,,,,,,
DATAFLOW,OECD.ELS.HD:DSD_HEALTH_STAT@DF_HEALTH_STATUS(1.0),Health status,I,AUS,Australia,A,Annual,PREVM,Preventable mortality,DT,Deaths,_T,Total,F,Female,_Z,Not applicable,_Z,Not applicable,_Z,Not applicable,_Z,Not applicable,_Z,Not applicable,_Z,Not applicable,_Z,Not applicable,2022,,9189,,,,,,,,,,,
DATAFLOW,OECD.ELS.HD:DSD_HEALTH_STAT@DF_HEALTH_STATUS(1.0),Health status,I,AUS,Australia,A,Annual,AVM,Avoidable mortality,DT,Deaths,_T,Total,_T,Total,_Z,Not applicable,_Z,Not applicable,_Z,Not applicable,_Z,Not applicable,_Z,Not applicable,_Z,Not applicable,_Z,Not applicable,2000,,38535.5,,,,,,,,,,,
DATAFLOW,OECD.ELS.HD:DSD_HEALTH_STAT@DF_HEALTH_STATUS(1.0),Health status,I,AUS,Australia,A,Annual,AVM,Avoidable mortality,DT,Deaths,_T,Total,_T,Total,_Z,Not applicable,_Z,Not applicable,_Z,Not applicable,_Z,Not applicable,_Z,Not applicable,_Z,Not applicable,_Z,Not applicable,2001,,37392,,,,,,,,,,,
DATAFLOW,OECD.ELS.HD:DSD_HEALTH_STAT@DF_HEALTH_STATUS(1.0),Health status,I,AUS,Australia,A,Annual,AVM,Avoidable mortality,DT,Deaths,_T,Total,_T,Total,_Z,Not applicable,_Z,Not applicable,_Z,Not applicable,_Z,Not applicable,_Z,Not applicable,_Z,Not applicable,_Z,Not applicable,2002,,36718,,,,,,,,,,,
DATAFLOW,OECD.ELS.HD:DSD_HEALTH_STAT@DF_HEALTH_STATUS(1.0),Health status,I,AUS,Australia,A,Annual,AVM,Avoidable mortality,DT,Deaths,_T,Total,_T,Total,_Z,Not applicable,_Z,Not applicable,_Z,Not applicable,_Z,Not applicable,_Z,Not applicable,_Z,Not applicable,_Z,Not applicable,2003,,35458,,,,,,,,,,,
DATAFLOW,OECD.ELS.HD:DSD_HEALTH_STAT@DF_HEALTH_STATUS(1.0),Health status,I,AUS,Australia,A,Annual,AVM,Avoidable mortality,DT,Deaths,_T,Total,_T,Total,_Z,Not applicable,_Z,Not applicable,_Z,Not applicable,_Z,Not applicable,_Z,Not applicable,_Z,Not applicable,_Z,Not applicable,2004,,34446,,,,,,,,,,,
DATAFLOW,OECD.ELS.HD:DSD_HEALTH_STAT@DF_HEALTH_STATUS(1.0),Health status,I,AUS,Australia,A,Annual,AVM,Avoidable mortality,DT,Deaths,_T,Total,_T,Total,_Z,Not applicable,_Z,Not applicable,_Z,Not applicable,_Z,Not applicable,_Z,Not applicable,_Z,Not applicable,_Z,Not applicable,2006,,33193,,,,,,,,,,,
DATAFLOW,OECD.ELS.HD:DSD_HEALTH_STAT@DF_HEALTH_STATUS(1.0),Health status,I,AUS,Australia,A,Annual,AVM,Avoidable mortality,DT,Deaths,_T,Total,_T,Total,_Z,Not applicable,_Z,Not applicable,_Z,Not applicable,_Z,Not applicable,_Z,Not applicable,_Z,Not applicable,_Z,Not applicable,2007,,33731.5,,,,,,,,,,,
DATAFLOW,OECD.ELS.HD:DSD_HEALTH_STAT@DF_HEALTH_STATUS(1.0),Health status,I,AUS,Australia,A,Annual,AVM,Avoidable mortality,DT,Deaths,_T,Total,_T,Total,_Z,Not applicable,_Z,Not applicable,_Z,Not applicable,_Z,Not applicable,_Z,Not applicable,_Z,Not applicable,_Z,Not applicable,2008,,34622.5,,,,,,,,,,,
DATAFLOW,OECD.ELS.HD:DSD_HEALTH_STAT@DF_HEALTH_STATUS(1.0),Health status,I,AUS,Australia,A,Annual,AVM,Avoidable mortality,DT,Deaths,_T,Total,_T,Total,_Z,Not applicable,_Z,Not applicable,_Z,Not applicable,_Z,Not applicable,_Z,Not applicable,_Z,Not applicable,_Z,Not applicable,2009,,34807.5,,,,,,,,,,,
DATAFLOW,OECD.ELS.HD:DSD_HEALTH_STAT@DF_HEALTH_STATUS(1.0),Health status,I,AUS,Australia,A,Annual,AVM,Avoidable mortality,DT,Deaths,_T,Total,_T,Total,_Z,Not applicable,_Z,Not applicable,_Z,Not applicable,_Z,Not applicable,_Z,Not applicable,_Z,Not applicable,_Z,Not applicable,2010,,34399.5,,,,,,,,,,,
DATAFLOW,OECD.ELS.HD:DSD_HEALTH_STAT@DF_HEALTH_STATUS(1.0),Health status,I,AUS,Australia,A,Annual,AVM,Avoidable mortality,DT,Deaths,_T,Total,_T,Total,_Z,Not applicable,_Z,Not applicable,_Z,Not applicable,_Z,Not applicable,_Z,Not applicable,_Z,Not applicable,_Z,Not applicable,2011,,34582.5,,,,,,,,,,,
DATAFLOW,OECD.ELS.HD:DSD_HEALTH_STAT@DF_HEALTH_STATUS(1.0),Health status,I,AUS,Australia,A,Annual,AVM,Avoidable mortality,DT,Deaths,_T,Total,_T,Total,_Z,Not applicable,_Z,Not applicable,_Z,Not applicable,_Z,Not applicable,_Z,Not applicable,_Z,Not applicable,_Z,Not applicable,2012,,34062.5,,,,,,,,,,,
DATAFLOW,OECD.ELS.HD:DSD_HEALTH_STAT@DF_HEALTH_STATUS(1.0),Health status,I,AUS,Australia,A,Annual,AVM,Avoidable mortality,DT,Deaths,_T,Total,_T,Total,_Z,Not applicable,_Z,Not applicable,_Z,Not applicable,_Z,Not applicable,_Z,Not applicable,_Z,Not applicable,_Z,Not applicable,2013,,34840.5,,,,,,,,,,,
DATAFLOW,OECD.ELS.HD:DSD_HEALTH_STAT@DF_HEALTH_STATUS(1.0),Health status,I,AUS,Australia,A,Annual,AVM,Avoidable mortality,DT,Deaths,_T,Total,_T,Total,_Z,Not applicable,_Z,Not applicable,_Z,Not applicable,_Z,Not applicable,_Z,Not applicable,_Z,Not applicable,_Z,Not applicable,2014,,35953,,,,,,,,,,,
DATAFLOW,OECD.ELS.HD:DSD_HEALTH_STAT@DF_HEALTH_STATUS(1.0),Health status,I,AUS,Australia,A,Annual,AVM,Avoidable mortality,DT,Deaths,_T,Total,_T,Total,_Z,Not applicable,_Z,Not applicable,_Z,Not applicable,_Z,Not applicable,_Z,Not applicable,_Z,Not applicable,_Z,Not applicable,2015,,36981,,,,,,,,,,,
DATAFLOW,OECD.ELS.HD:DSD_HEALTH_STAT@DF_HEALTH_STATUS(1.0),Health status,I,AUS,Australia,A,Annual,AVM,Avoidable mortality,DT,Deaths,_T,Total,_T,Total,_Z,Not applicable,_Z,Not applicable,_Z,Not applicable,_Z,Not applicable,_Z,Not applicable,_Z,Not applicable,_Z,Not applicable,2016,,36459.5,,,,,,,,,,,
DATAFLOW,OECD.ELS.HD:DSD_HEALTH_STAT@DF_HEALTH_STATUS(1.0),Health status,I,AUS,Australia,A,Annual,AVM,Avoidable mortality,DT,Deaths,_T,Total,_T,Total,_Z,Not applicable,_Z,Not applicable,_Z,Not applicable,_Z,Not applicable,_Z,Not applicable,_Z,Not applicable,_Z,Not applicable,2017,,36965.5,,,,,,,,,,,
DATAFLOW,OECD.ELS.HD:DSD_HEALTH_STAT@DF_HEALTH_STATUS(1.0),Health status,I,AUS,Australia,A,Annual,AVM,Avoidable mortality,DT,Deaths,_T,Total,_T,Total,_Z,Not applicable,_Z,Not applicable,_Z,Not applicable,_Z,Not applicable,_Z,Not applicable,_Z,Not applicable,_Z,Not applicable,2018,,36958,,,,,,,,,,,
DATAFLOW,OECD.ELS.HD:DSD_HEALTH_STAT@DF_HEALTH_STATUS(1.0),Health status,I,AUS,Australia,A,Annual,AVM,Avoidable mortality,DT,Deaths,_T,Total,_T,Total,_Z,Not applicable,_Z,Not applicable,_Z,Not applicable,_Z,Not applicable,_Z,Not applicable,_Z,Not applicable,_Z,Not applicable,2019,,38993,,,,,,,,,,,
DATAFLOW,OECD.ELS.HD:DSD_HEALTH_STAT@DF_HEALTH_STATUS(1.0),Health status,I,AUS,Australia,A,Annual,AVM,Avoidable mortality,DT,Deaths,_T,Total,_T,Total,_Z,Not applicable,_Z,Not applicable,_Z,Not applicable,_Z,Not applicable,_Z,Not applicable,_Z,Not applicable,_Z,Not applicable,2020,,37042.5,,,,,,,,,,,
DATAFLOW,OECD.ELS.HD:DSD_HEALTH_STAT@DF_HEALTH_STATUS(1.0),Health status,I,AUS,Australia,A,Annual,AVM,Avoidable mortality,DT,Deaths,_T,Total,_T,Total,_Z,Not applicable,_Z,Not applicable,_Z,Not applicable,_Z,Not applicable,_Z,Not applicable,_Z,Not applicable,_Z,Not applicable,2021,,37693.5,,,,,,,,,,,
DATAFLOW,OECD.ELS.HD:DSD_HEALTH_STAT@DF_HEALTH_STATUS(1.0),Health status,I,AUS,Australia,A,Annual,AVM,Avoidable mortality,DT,Deaths,_T,Total,_T,Total,_Z,Not applicable,_Z,Not applicable,_Z,Not applicable,_Z,Not applicable,_Z,Not applicable,_Z,Not applicable,_Z,Not applicable,2022,,40450.5,,,,,,,,,,,
DATAFLOW,OECD.ELS.HD:DSD_HEALTH_STAT@DF_HEALTH_STATUS(1.0),Health status,I,AUS,Australia,A,Annual,AVM,Avoidable mortality,DT,Deaths,_T,Total,F,Female,_Z,Not applicable,_Z,Not applicable,_Z,Not applicable,_Z,Not applicable,_Z,Not applicable,_Z,Not applicable,_Z,Not applicable,2000,,13651,,,,,,,,,,,
DATAFLOW,OECD.ELS.HD:DSD_HEALTH_STAT@DF_HEALTH_STATUS(1.0),Health status,I,AUS,Australia,A,Annual,AVM,Avoidable mortality,DT,Deaths,_T,Total,F,Female,_Z,Not applicable,_Z,Not applicable,_Z,Not applicable,_Z,Not applicable,_Z,Not applicable,_Z,Not applicable,_Z,Not applicable,2001,,13217,,,,,,,,,,,
DATAFLOW,OECD.ELS.HD:DSD_HEALTH_STAT@DF_HEALTH_STATUS(1.0),Health status,I,AUS,Australia,A,Annual,AVM,Avoidable mortality,DT,Deaths,_T,Total,F,Female,_Z,Not applicable,_Z,Not applicable,_Z,Not applicable,_Z,Not applicable,_Z,Not applicable,_Z,Not applicable,_Z,Not applicable,2002,,13205,,,,,,,,,,,
DATAFLOW,OECD.ELS.HD:DSD_HEALTH_STAT@DF_HEALTH_STATUS(1.0),Health status,I,AUS,Australia,A,Annual,AVM,Avoidable mortality,DT,Deaths,_T,Total,F,Female,_Z,Not applicable,_Z,Not applicable,_Z,Not applicable,_Z,Not applicable,_Z,Not applicable,_Z,Not applicable,_Z,Not applicable,2003,,12591,,,,,,,,,,,
DATAFLOW,OECD.ELS.HD:DSD_HEALTH_STAT@DF_HEALTH_STATUS(1.0),Health status,I,AUS,Australia,A,Annual,AVM,Avoidable mortality,DT,Deaths,_T,Total,F,Female,_Z,Not applicable,_Z,Not applicable,_Z,Not applicable,_Z,Not applicable,_Z,Not applicable,_Z,Not applicable,_Z,Not applicable,2004,,12281,,,,,,,,,,,
DATAFLOW,OECD.ELS.HD:DSD_HEALTH_STAT@DF_HEALTH_STATUS(1.0),Health status,I,AUS,Australia,A,Annual,AVM,Avoidable mortality,DT,Deaths,_T,Total,F,Female,_Z,Not applicable,_Z,Not applicable,_Z,Not applicable,_Z,Not applicable,_Z,Not applicable,_Z,Not applicable,_Z,Not applicable,2006,,11962,,,,,,,,,,,
DATAFLOW,OECD.ELS.HD:DSD_HEALTH_STAT@DF_HEALTH_STATUS(1.0),Health status,I,AUS,Australia,A,Annual,AVM,Avoidable mortality,DT,Deaths,_T,Total,F,Female,_Z,Not applicable,_Z,Not applicable,_Z,Not applicable,_Z,Not applicable,_Z,Not applicable,_Z,Not applicable,_Z,Not applicable,2007,,12324,,,,,,,,,,,
DATAFLOW,OECD.ELS.HD:DSD_HEALTH_STAT@DF_HEALTH_STATUS(1.0),Health status,I,AUS,Australia,A,Annual,AVM,Avoidable mortality,DT,Deaths,_T,Total,F,Female,_Z,Not applicable,_Z,Not applicable,_Z,Not applicable,_Z,Not applicable,_Z,Not applicable,_Z,Not applicable,_Z,Not applicable,2008,,12592,,,,,,,,,,,
DATAFLOW,OECD.ELS.HD:DSD_HEALTH_STAT@DF_HEALTH_STATUS(1.0),Health status,I,AUS,Australia,A,Annual,AVM,Avoidable mortality,DT,Deaths,_T,Total,F,Female,_Z,Not applicable,_Z,Not applicable,_Z,Not applicable,_Z,Not applicable,_Z,Not applicable,_Z,Not applicable,_Z,Not applicable,2009,,12766,,,,,,,,,,,
DATAFLOW,OECD.ELS.HD:DSD_HEALTH_STAT@DF_HEALTH_STATUS(1.0),Health status,I,AUS,Australia,A,Annual,AVM,Avoidable mortality,DT,Deaths,_T,Total,F,Female,_Z,Not applicable,_Z,Not applicable,_Z,Not applicable,_Z,Not applicable,_Z,Not applicable,_Z,Not applicable,_Z,Not applicable,2010,,12569,,,,,,,,,,,
DATAFLOW,OECD.ELS.HD:DSD_HEALTH_STAT@DF_HEALTH_STATUS(1.0),Health status,I,AUS,Australia,A,Annual,AVM,Avoidable mortality,DT,Deaths,_T,Total,F,Female,_Z,Not applicable,_Z,Not applicable,_Z,Not applicable,_Z,Not applicable,_Z,Not applicable,_Z,Not applicable,_Z,Not applicable,2011,,12771,,,,,,,,,,,
DATAFLOW,OECD.ELS.HD:DSD_HEALTH_STAT@DF_HEALTH_STATUS(1.0),Health status,I,AUS,Australia,A,Annual,AVM,Avoidable mortality,DT,Deaths,_T,Total,F,Female,_Z,Not applicable,_Z,Not applicable,_Z,Not applicable,_Z,Not applicable,_Z,Not applicable,_Z,Not applicable,_Z,Not applicable,2012,,12650,,,,,,,,,,,
DATAFLOW,OECD.ELS.HD:DSD_HEALTH_STAT@DF_HEALTH_STATUS(1.0),Health status,I,AUS,Australia,A,Annual,AVM,Avoidable mortality,DT,Deaths,_T,Total,F,Female,_Z,Not applicable,_Z,Not applicable,_Z,Not applicable,_Z,Not applicable,_Z,Not applicable,_Z,Not applicable,_Z,Not applicable,2013,,12817,,,,,,,,,,,
DATAFLOW,OECD.ELS.HD:DSD_HEALTH_STAT@DF_HEALTH_STATUS(1.0),Health status,I,AUS,Australia,A,Annual,AVM,Avoidable mortality,DT,Deaths,_T,Total,F,Female,_Z,Not applicable,_Z,Not applicable,_Z,Not applicable,_Z,Not applicable,_Z,Not applicable,_Z,Not applicable,_Z,Not applicable,2014,,13358,,,,,,,,,,,
DATAFLOW,OECD.ELS.HD:DSD_HEALTH_STAT@DF_HEALTH_STATUS(1.0),Health status,I,AUS,Australia,A,Annual,AVM,Avoidable mortality,DT,Deaths,_T,Total,F,Female,_Z,Not applicable,_Z,Not applicable,_Z,Not applicable,_Z,Not applicable,_Z,Not applicable,_Z,Not applicable,_Z,Not applicable,2015,,13759,,,,,,,,,,,
DATAFLOW,OECD.ELS.HD:DSD_HEALTH_STAT@DF_HEALTH_STATUS(1.0),Health status,I,AUS,Australia,A,Annual,AVM,Avoidable mortality,DT,Deaths,_T,Total,F,Female,_Z,Not applicable,_Z,Not applicable,_Z,Not applicable,_Z,Not applicable,_Z,Not applicable,_Z,Not applicable,_Z,Not applicable,2016,,13566,,,,,,,,,,,
DATAFLOW,OECD.ELS.HD:DSD_HEALTH_STAT@DF_HEALTH_STATUS(1.0),Health status,I,AUS,Australia,A,Annual,AVM,Avoidable mortality,DT,Deaths,_T,Total,F,Female,_Z,Not applicable,_Z,Not applicable,_Z,Not applicable,_Z,Not applicable,_Z,Not applicable,_Z,Not applicable,_Z,Not applicable,2017,,13798,,,,,,,,,,,
DATAFLOW,OECD.ELS.HD:DSD_HEALTH_STAT@DF_HEALTH_STATUS(1.0),Health status,I,AUS,Australia,A,Annual,AVM,Avoidable mortality,DT,Deaths,_T,Total,F,Female,_Z,Not applicable,_Z,Not applicable,_Z,Not applicable,_Z,Not applicable,_Z,Not applicable,_Z,Not applicable,_Z,Not applicable,2018,,13707,,,,,,,,,,,
DATAFLOW,OECD.ELS.HD:DSD_HEALTH_STAT@DF_HEALTH_STATUS(1.0),Health status,I,AUS,Australia,A,Annual,AVM,Avoidable mortality,DT,Deaths,_T,Total,F,Female,_Z,Not applicable,_Z,Not applicable,_Z,Not applicable,_Z,Not applicable,_Z,Not applicable,_Z,Not applicable,_Z,Not applicable,2019,,14405,,,,,,,,,,,
DATAFLOW,OECD.ELS.HD:DSD_HEALTH_STAT@DF_HEALTH_STATUS(1.0),Health status,I,AUS,Australia,A,Annual,AVM,Avoidable mortality,DT,Deaths,_T,Total,F,Female,_Z,Not applicable,_Z,Not applicable,_Z,Not applicable,_Z,Not applicable,_Z,Not applicable,_Z,Not applicable,_Z,Not applicable,2020,,13793,,,,,,,,,,,
DATAFLOW,OECD.ELS.HD:DSD_HEALTH_STAT@DF_HEALTH_STATUS(1.0),Health status,I,AUS,Australia,A,Annual,AVM,Avoidable mortality,DT,Deaths,_T,Total,F,Female,_Z,Not applicable,_Z,Not applicable,_Z,Not applicable,_Z,Not applicable,_Z,Not applicable,_Z,Not applicable,_Z,Not applicable,2021,,14232,,,,,,,,,,,
DATAFLOW,OECD.ELS.HD:DSD_HEALTH_STAT@DF_HEALTH_STATUS(1.0),Health status,I,AUS,Australia,A,Annual,AVM,Avoidable mortality,DT,Deaths,_T,Total,F,Female,_Z,Not applicable,_Z,Not applicable,_Z,Not applicable,_Z,Not applicable,_Z,Not applicable,_Z,Not applicable,_Z,Not applicable,2022,,15278,,,,,,,,,,,
DATAFLOW,OECD.ELS.HD:DSD_HEALTH_STAT@DF_HEALTH_STATUS(1.0),Health status,I,AUS,Australia,A,Annual,TRTM,Treatable mortality,DT,Deaths,_T,Total,M,Male,_Z,Not applicable,_Z,Not applicable,_Z,Not applicable,_Z,Not applicable,_Z,Not applicable,_Z,Not applicable,_Z,Not applicable,2000,,7860,,,,,,,,,,,
DATAFLOW,OECD.ELS.HD:DSD_HEALTH_STAT@DF_HEALTH_STATUS(1.0),Health status,I,AUS,Australia,A,Annual,TRTM,Treatable mortality,DT,Deaths,_T,Total,M,Male,_Z,Not applicable,_Z,Not applicable,_Z,Not applicable,_Z,Not applicable,_Z,Not applicable,_Z,Not applicable,_Z,Not applicable,2001,,7656,,,,,,,,,,,
DATAFLOW,OECD.ELS.HD:DSD_HEALTH_STAT@DF_HEALTH_STATUS(1.0),Health status,I,AUS,Australia,A,Annual,TRTM,Treatable mortality,DT,Deaths,_T,Total,M,Male,_Z,Not applicable,_Z,Not applicable,_Z,Not applicable,_Z,Not applicable,_Z,Not applicable,_Z,Not applicable,_Z,Not applicable,2002,,7446,,,,,,,,,,,
DATAFLOW,OECD.ELS.HD:DSD_HEALTH_STAT@DF_HEALTH_STATUS(1.0),Health status,I,AUS,Australia,A,Annual,TRTM,Treatable mortality,DT,Deaths,_T,Total,M,Male,_Z,Not applicable,_Z,Not applicable,_Z,Not applicable,_Z,Not applicable,_Z,Not applicable,_Z,Not applicable,_Z,Not applicable,2003,,7310,,,,,,,,,,,
DATAFLOW,OECD.ELS.HD:DSD_HEALTH_STAT@DF_HEALTH_STATUS(1.0),Health status,I,AUS,Australia,A,Annual,TRTM,Treatable mortality,DT,Deaths,_T,Total,M,Male,_Z,Not applicable,_Z,Not applicable,_Z,Not applicable,_Z,Not applicable,_Z,Not applicable,_Z,Not applicable,_Z,Not applicable,2004,,6873.5,,,,,,,,,,,
DATAFLOW,OECD.ELS.HD:DSD_HEALTH_STAT@DF_HEALTH_STATUS(1.0),Health status,I,AUS,Australia,A,Annual,TRTM,Treatable mortality,DT,Deaths,_T,Total,M,Male,_Z,Not applicable,_Z,Not applicable,_Z,Not applicable,_Z,Not applicable,_Z,Not applicable,_Z,Not applicable,_Z,Not applicable,2006,,6566,,,,,,,,,,,
DATAFLOW,OECD.ELS.HD:DSD_HEALTH_STAT@DF_HEALTH_STATUS(1.0),Health status,I,AUS,Australia,A,Annual,TRTM,Treatable mortality,DT,Deaths,_T,Total,M,Male,_Z,Not applicable,_Z,Not applicable,_Z,Not applicable,_Z,Not applicable,_Z,Not applicable,_Z,Not applicable,_Z,Not applicable,2007,,6579.5,,,,,,,,,,,
DATAFLOW,OECD.ELS.HD:DSD_HEALTH_STAT@DF_HEALTH_STATUS(1.0),Health status,I,AUS,Australia,A,Annual,TRTM,Treatable mortality,DT,Deaths,_T,Total,M,Male,_Z,Not applicable,_Z,Not applicable,_Z,Not applicable,_Z,Not applicable,_Z,Not applicable,_Z,Not applicable,_Z,Not applicable,2008,,6539,,,,,,,,,,,
DATAFLOW,OECD.ELS.HD:DSD_HEALTH_STAT@DF_HEALTH_STATUS(1.0),Health status,I,AUS,Australia,A,Annual,TRTM,Treatable mortality,DT,Deaths,_T,Total,M,Male,_Z,Not applicable,_Z,Not applicable,_Z,Not applicable,_Z,Not applicable,_Z,Not applicable,_Z,Not applicable,_Z,Not applicable,2009,,6433,,,,,,,,,,,
DATAFLOW,OECD.ELS.HD:DSD_HEALTH_STAT@DF_HEALTH_STATUS(1.0),Health status,I,AUS,Australia,A,Annual,TRTM,Treatable mortality,DT,Deaths,_T,Total,M,Male,_Z,Not applicable,_Z,Not applicable,_Z,Not applicable,_Z,Not applicable,_Z,Not applicable,_Z,Not applicable,_Z,Not applicable,2010,,6383,,,,,,,,,,,
DATAFLOW,OECD.ELS.HD:DSD_HEALTH_STAT@DF_HEALTH_STATUS(1.0),Health status,I,AUS,Australia,A,Annual,TRTM,Treatable mortality,DT,Deaths,_T,Total,M,Male,_Z,Not applicable,_Z,Not applicable,_Z,Not applicable,_Z,Not applicable,_Z,Not applicable,_Z,Not applicable,_Z,Not applicable,2011,,6333,,,,,,,,,,,
DATAFLOW,OECD.ELS.HD:DSD_HEALTH_STAT@DF_HEALTH_STATUS(1.0),Health status,I,AUS,Australia,A,Annual,TRTM,Treatable mortality,DT,Deaths,_T,Total,M,Male,_Z,Not applicable,_Z,Not applicable,_Z,Not applicable,_Z,Not applicable,_Z,Not applicable,_Z,Not applicable,_Z,Not applicable,2012,,6181.5,,,,,,,,,,,
DATAFLOW,OECD.ELS.HD:DSD_HEALTH_STAT@DF_HEALTH_STATUS(1.0),Health status,I,AUS,Australia,A,Annual,TRTM,Treatable mortality,DT,Deaths,_T,Total,M,Male,_Z,Not applicable,_Z,Not applicable,_Z,Not applicable,_Z,Not applicable,_Z,Not applicable,_Z,Not applicable,_Z,Not applicable,2013,,6266.5,,,,,,,,,,,
DATAFLOW,OECD.ELS.HD:DSD_HEALTH_STAT@DF_HEALTH_STATUS(1.0),Health status,I,AUS,Australia,A,Annual,TRTM,Treatable mortality,DT,Deaths,_T,Total,M,Male,_Z,Not applicable,_Z,Not applicable,_Z,Not applicable,_Z,Not applicable,_Z,Not applicable,_Z,Not applicable,_Z,Not applicable,2014,,6344,,,,,,,,,,,
DATAFLOW,OECD.ELS.HD:DSD_HEALTH_STAT@DF_HEALTH_STATUS(1.0),Health status,I,AUS,Australia,A,Annual,TRTM,Treatable mortality,DT,Deaths,_T,Total,M,Male,_Z,Not applicable,_Z,Not applicable,_Z,Not applicable,_Z,Not applicable,_Z,Not applicable,_Z,Not applicable,_Z,Not applicable,2015,,6551.5,,,,,,,,,,,
DATAFLOW,OECD.ELS.HD:DSD_HEALTH_STAT@DF_HEALTH_STATUS(1.0),Health status,I,AUS,Australia,A,Annual,TRTM,Treatable mortality,DT,Deaths,_T,Total,M,Male,_Z,Not applicable,_Z,Not applicable,_Z,Not applicable,_Z,Not applicable,_Z,Not applicable,_Z,Not applicable,_Z,Not applicable,2016,,6445.5,,,,,,,,,,,
DATAFLOW,OECD.ELS.HD:DSD_HEALTH_STAT@DF_HEALTH_STATUS(1.0),Health status,I,AUS,Australia,A,Annual,TRTM,Treatable mortality,DT,Deaths,_T,Total,M,Male,_Z,Not applicable,_Z,Not applicable,_Z,Not applicable,_Z,Not applicable,_Z,Not applicable,_Z,Not applicable,_Z,Not applicable,2017,,6440,,,,,,,,,,,
DATAFLOW,OECD.ELS.HD:DSD_HEALTH_STAT@DF_HEALTH_STATUS(1.0),Health status,I,AUS,Australia,A,Annual,TRTM,Treatable mortality,DT,Deaths,_T,Total,M,Male,_Z,Not applicable,_Z,Not applicable,_Z,Not applicable,_Z,Not applicable,_Z,Not applicable,_Z,Not applicable,_Z,Not applicable,2018,,6403.5,,,,,,,,,,,
DATAFLOW,OECD.ELS.HD:DSD_HEALTH_STAT@DF_HEALTH_STATUS(1.0),Health status,I,AUS,Australia,A,Annual,TRTM,Treatable mortality,DT,Deaths,_T,Total,M,Male,_Z,Not applicable,_Z,Not applicable,_Z,Not applicable,_Z,Not applicable,_Z,Not applicable,_Z,Not applicable,_Z,Not applicable,2019,,6802.5,,,,,,,,,,,
DATAFLOW,OECD.ELS.HD:DSD_HEALTH_STAT@DF_HEALTH_STATUS(1.0),Health status,I,AUS,Australia,A,Annual,TRTM,Treatable mortality,DT,Deaths,_T,Total,M,Male,_Z,Not applicable,_Z,Not applicable,_Z,Not applicable,_Z,Not applicable,_Z,Not applicable,_Z,Not applicable,_Z,Not applicable,2020,,6395,,,,,,,,,,,
DATAFLOW,OECD.ELS.HD:DSD_HEALTH_STAT@DF_HEALTH_STATUS(1.0),Health status,I,AUS,Australia,A,Annual,TRTM,Treatable mortality,DT,Deaths,_T,Total,M,Male,_Z,Not applicable,_Z,Not applicable,_Z,Not applicable,_Z,Not applicable,_Z,Not applicable,_Z,Not applicable,_Z,Not applicable,2021,,6445,,,,,,,,,,,
DATAFLOW,OECD.ELS.HD:DSD_HEALTH_STAT@DF_HEALTH_STATUS(1.0),Health status,I,AUS,Australia,A,Annual,TRTM,Treatable mortality,DT,Deaths,_T,Total,M,Male,_Z,Not applicable,_Z,Not applicable,_Z,Not applicable,_Z,Not applicable,_Z,Not applicable,_Z,Not applicable,_Z,Not applicable,2022,,6689.5,,,,,,,,,,,
